id_cliente,servicos_recomendados
155,"[31, 99, 14, 98, 2, 23, 1, 70, 101, 95, 96, 28, 90, 100, 87, 66, 111, 55, 25, 7, 78, 79, 86, 16, 12, 91, 92, 93, 94, 10, 9, 97, 6, 30, 5, 4, 102, 103, 104, 105, 106, 107, 109, 110, 3, 112, 76, 74, 73, 71, 24, 32, 33, 34, 37, 38, 39, 40, 42, 43, 44, 45, 46, 47, 48, 51, 52, 54, 21, 60, 62, 19, 68, 69, 17, 999]"
119,"[23, 98, 28, 40, 99, 101, 31, 24, 111, 4, 70, 42, 39, 43, 52, 86, 33, 71, 25, 112, 106, 92, 73, 74, 76, 78, 79, 110, 87, 90, 91, 93, 100, 94, 109, 107, 105, 95, 96, 97, 104, 103, 102, 1, 55, 69, 32, 3, 5, 6, 7, 9, 10, 12, 14, 16, 17, 19, 21, 30, 34, 68, 37, 38, 44, 45, 46, 47, 48, 51, 54, 2, 60, 62, 66, 999]"
332,"[99, 98, 103, 3, 101, 4, 100, 94, 31, 40, 33, 23, 76, 69, 91, 90, 87, 74, 70, 73, 86, 92, 79, 78, 71, 1, 93, 95, 96, 66, 97, 102, 104, 105, 106, 107, 109, 110, 111, 112, 68, 55, 62, 16, 28, 25, 24, 21, 19, 17, 14, 60, 12, 10, 9, 7, 6, 5, 30, 32, 34, 37, 38, 39, 42, 43, 44, 45, 46, 47, 48, 51, 52, 54, 2, 999]"
318,"[99, 98, 23, 70, 101, 28, 62, 100, 33, 110, 111, 103, 73, 106, 68, 90, 39, 87, 78, 42, 96, 76, 43, 102, 79, 86, 71, 74, 69, 1, 91, 92, 93, 94, 97, 104, 105, 107, 109, 112, 95, 55, 66, 12, 24, 21, 19, 17, 16, 14, 10, 60, 9, 7, 6, 5, 4, 3, 25, 30, 31, 32, 34, 37, 38, 40, 44, 45, 46, 47, 48, 51, 52, 54, 2, 999]"
241,"[99, 31, 28, 98, 23, 14, 103, 42, 62, 94, 95, 55, 111, 101, 76, 70, 43, 38, 79, 91, 86, 78, 74, 73, 87, 71, 90, 96, 92, 93, 68, 97, 100, 102, 104, 105, 106, 107, 109, 110, 112, 69, 1, 66, 30, 3, 4, 5, 6, 7, 9, 10, 12, 16, 17, 19, 21, 24, 25, 32, 60, 33, 34, 37, 39, 40, 44, 45, 46, 47, 48, 51, 52, 54, 2, 999]"
370,"[99, 98, 33, 23, 62, 101, 110, 28, 100, 70, 111, 73, 103, 102, 42, 43, 90, 87, 47, 78, 76, 39, 96, 16, 14, 104, 106, 95, 79, 71, 112, 109, 74, 107, 105, 86, 94, 91, 97, 92, 69, 93, 1, 55, 68, 66, 3, 4, 5, 6, 7, 9, 10, 12, 17, 19, 21, 24, 25, 30, 31, 32, 34, 37, 38, 40, 44, 45, 46, 48, 51, 52, 54, 2, 60, 999]"
216,"[99, 98, 23, 2, 70, 4, 101, 111, 68, 28, 1, 90, 87, 86, 76, 79, 78, 92, 74, 73, 71, 69, 91, 96, 93, 94, 95, 62, 97, 100, 102, 103, 104, 105, 106, 107, 109, 110, 112, 66, 55, 60, 14, 25, 24, 21, 19, 17, 16, 12, 31, 10, 9, 7, 6, 5, 3, 30, 32, 54, 44, 52, 51, 48, 47, 46, 45, 43, 33, 42, 40, 39, 38, 37, 34, 999]"
93,"[31, 14, 98, 16, 99, 95, 34, 33, 28, 101, 86, 97, 91, 106, 51, 19, 17, 74, 10, 93, 87, 90, 73, 76, 79, 71, 92, 78, 1, 94, 96, 69, 100, 102, 103, 104, 105, 107, 109, 110, 111, 112, 70, 55, 68, 66, 3, 4, 5, 6, 7, 9, 12, 21, 23, 24, 25, 30, 32, 37, 38, 39, 40, 42, 43, 44, 45, 46, 47, 48, 52, 54, 2, 60, 62, 999]"
237,"[98, 31, 14, 99, 101, 95, 79, 71, 33, 46, 97, 28, 100, 39, 2, 110, 4, 91, 78, 76, 74, 73, 86, 70, 87, 90, 1, 96, 92, 93, 94, 68, 102, 103, 104, 105, 106, 107, 109, 111, 112, 69, 55, 66, 30, 3, 5, 6, 7, 9, 10, 12, 16, 17, 19, 21, 23, 24, 25, 32, 62, 34, 37, 38, 40, 42, 43, 44, 45, 47, 48, 51, 52, 54, 60, 999]"
112,"[4, 23, 98, 99, 101, 28, 14, 47, 55, 42, 43, 33, 46, 102, 106, 76, 92, 86, 79, 78, 87, 90, 74, 73, 71, 91, 96, 93, 94, 95, 69, 97, 100, 103, 104, 105, 107, 109, 110, 111, 112, 70, 1, 68, 31, 3, 5, 6, 7, 9, 10, 12, 16, 17, 19, 21, 24, 25, 30, 32, 66, 34, 37, 38, 39, 40, 44, 45, 48, 51, 52, 54, 2, 60, 62, 999]"
22,"[99, 98, 23, 101, 42, 31, 103, 112, 111, 28, 94, 48, 62, 70, 95, 105, 43, 16, 74, 73, 76, 78, 79, 71, 86, 87, 1, 96, 90, 91, 92, 93, 68, 97, 100, 102, 104, 106, 107, 109, 110, 69, 55, 66, 30, 3, 4, 5, 6, 7, 9, 10, 12, 14, 17, 19, 21, 24, 25, 32, 60, 33, 34, 37, 38, 39, 40, 44, 45, 46, 47, 51, 52, 54, 2, 999]"
84,"[3, 23, 4, 99, 55, 103, 70, 42, 98, 28, 100, 101, 31, 16, 104, 111, 112, 71, 73, 74, 76, 78, 79, 86, 87, 90, 91, 92, 102, 93, 94, 95, 96, 97, 110, 68, 109, 107, 106, 105, 69, 1, 66, 17, 32, 30, 25, 24, 21, 19, 14, 62, 12, 10, 9, 7, 6, 5, 33, 34, 37, 38, 39, 40, 43, 44, 45, 46, 47, 48, 51, 52, 54, 2, 60, 999]"
372,"[99, 98, 28, 101, 31, 23, 70, 74, 46, 19, 87, 92, 91, 90, 86, 94, 79, 78, 76, 73, 71, 69, 93, 1, 95, 96, 66, 97, 100, 102, 103, 104, 105, 106, 107, 109, 110, 111, 112, 68, 55, 62, 12, 25, 24, 21, 17, 16, 14, 10, 32, 9, 7, 6, 5, 4, 3, 30, 33, 60, 45, 2, 54, 52, 51, 48, 47, 44, 34, 43, 42, 40, 39, 38, 37, 999]"
11,"[99, 4, 1, 98, 2, 101, 104, 94, 86, 91, 6, 106, 69, 70, 71, 73, 74, 76, 78, 79, 68, 66, 87, 90, 93, 92, 110, 95, 62, 97, 112, 111, 100, 102, 103, 105, 107, 109, 96, 55, 60, 54, 28, 25, 24, 23, 21, 19, 17, 16, 14, 12, 10, 9, 7, 5, 3, 30, 31, 32, 44, 52, 51, 48, 47, 46, 45, 43, 33, 42, 40, 39, 38, 37, 34, 999]"
175,"[98, 14, 33, 28, 23, 111, 70, 94, 55, 95, 25, 21, 100, 79, 69, 52, 99, 66, 32, 68, 109, 102, 112, 110, 71, 73, 74, 76, 78, 107, 86, 101, 90, 91, 92, 93, 106, 105, 96, 97, 104, 103, 87, 1, 62, 60, 3, 4, 5, 6, 7, 9, 10, 12, 16, 17, 19, 24, 30, 31, 34, 37, 38, 39, 40, 42, 43, 44, 45, 46, 47, 48, 51, 54, 2, 999]"
144,"[99, 4, 98, 1, 2, 100, 95, 42, 33, 111, 73, 74, 91, 78, 79, 71, 70, 69, 68, 86, 87, 90, 76, 94, 92, 93, 62, 96, 97, 101, 102, 103, 104, 105, 106, 107, 109, 110, 112, 66, 55, 60, 14, 24, 23, 21, 19, 17, 16, 12, 28, 10, 9, 7, 6, 5, 3, 25, 30, 54, 44, 52, 51, 48, 47, 46, 45, 43, 31, 40, 39, 38, 37, 34, 32, 999]"
352,"[23, 99, 98, 31, 70, 14, 101, 28, 111, 33, 42, 110, 95, 62, 34, 55, 76, 78, 87, 90, 43, 68, 106, 69, 86, 112, 109, 71, 73, 74, 107, 79, 105, 97, 104, 91, 103, 102, 92, 93, 94, 100, 96, 1, 66, 60, 3, 4, 5, 6, 7, 9, 10, 12, 16, 17, 19, 21, 24, 25, 30, 32, 37, 38, 39, 40, 44, 45, 46, 47, 48, 51, 52, 54, 2, 999]"
351,"[99, 98, 111, 101, 31, 55, 32, 28, 23, 109, 102, 93, 70, 43, 34, 999, 16, 24, 9, 78, 79, 86, 87, 90, 91, 92, 10, 94, 95, 96, 97, 7, 74, 100, 6, 5, 103, 104, 105, 106, 107, 4, 110, 3, 112, 76, 73, 25, 45, 21, 30, 19, 17, 33, 37, 38, 39, 40, 42, 14, 44, 46, 71, 47, 48, 51, 52, 54, 2, 60, 62, 66, 68, 69, 12, 1]"
176,"[31, 14, 98, 33, 16, 95, 99, 28, 34, 40, 4, 73, 17, 106, 10, 38, 39, 2, 91, 42, 101, 93, 30, 51, 76, 92, 90, 87, 86, 79, 78, 94, 1, 96, 97, 100, 102, 103, 104, 105, 107, 109, 110, 111, 112, 74, 55, 71, 37, 3, 5, 6, 7, 9, 12, 19, 21, 23, 24, 25, 32, 43, 70, 44, 45, 46, 47, 48, 52, 54, 60, 62, 66, 68, 69, 999]"
186,"[23, 98, 99, 101, 34, 14, 42, 28, 33, 70, 39, 4, 93, 73, 69, 71, 66, 38, 55, 111, 100, 97, 112, 110, 74, 76, 78, 79, 86, 87, 90, 91, 92, 109, 107, 94, 106, 105, 95, 104, 103, 102, 96, 1, 68, 62, 3, 5, 6, 7, 9, 10, 12, 16, 17, 19, 21, 24, 25, 30, 31, 32, 37, 40, 43, 44, 45, 46, 47, 48, 51, 52, 54, 2, 60, 999]"
319,"[99, 33, 14, 98, 23, 31, 28, 101, 102, 70, 93, 43, 46, 95, 39, 42, 97, 69, 96, 100, 90, 71, 73, 74, 76, 78, 79, 86, 87, 112, 91, 103, 111, 110, 92, 109, 107, 94, 106, 105, 104, 1, 55, 68, 30, 3, 4, 5, 6, 7, 9, 10, 12, 16, 17, 19, 21, 24, 25, 32, 66, 34, 37, 38, 40, 44, 45, 47, 48, 51, 52, 54, 2, 60, 62, 999]"
298,"[98, 14, 33, 28, 23, 111, 70, 94, 55, 95, 25, 21, 100, 79, 69, 52, 99, 66, 32, 68, 109, 102, 112, 110, 71, 73, 74, 76, 78, 107, 86, 101, 90, 91, 92, 93, 106, 105, 96, 97, 104, 103, 87, 1, 62, 60, 3, 4, 5, 6, 7, 9, 10, 12, 16, 17, 19, 24, 30, 31, 34, 37, 38, 39, 40, 42, 43, 44, 45, 46, 47, 48, 51, 54, 2, 999]"
77,"[23, 99, 98, 111, 24, 101, 28, 42, 70, 4, 78, 40, 102, 31, 33, 14, 39, 71, 86, 34, 43, 92, 79, 76, 47, 73, 30, 25, 112, 106, 74, 90, 110, 109, 107, 105, 87, 104, 91, 100, 93, 94, 103, 95, 96, 97, 1, 55, 69, 68, 3, 5, 6, 7, 9, 10, 12, 16, 17, 19, 21, 32, 37, 38, 44, 45, 46, 48, 51, 52, 54, 2, 60, 62, 66, 999]"
360,"[99, 98, 33, 23, 62, 101, 110, 28, 100, 70, 111, 73, 103, 102, 42, 43, 90, 87, 47, 78, 76, 39, 96, 16, 14, 104, 106, 95, 79, 71, 112, 109, 74, 107, 105, 86, 94, 91, 97, 92, 69, 93, 1, 55, 68, 66, 3, 4, 5, 6, 7, 9, 10, 12, 17, 19, 21, 24, 25, 30, 31, 32, 34, 37, 38, 40, 44, 45, 46, 48, 51, 52, 54, 2, 60, 999]"
286,"[99, 98, 101, 111, 4, 70, 34, 14, 33, 28, 71, 73, 47, 42, 95, 100, 55, 23, 16, 106, 32, 69, 104, 112, 110, 74, 76, 78, 79, 86, 87, 109, 90, 91, 102, 93, 107, 94, 103, 96, 97, 105, 92, 1, 68, 66, 3, 5, 6, 7, 9, 10, 12, 17, 19, 21, 24, 25, 30, 31, 37, 38, 39, 40, 43, 44, 45, 46, 48, 51, 52, 54, 2, 60, 62, 999]"
387,"[23, 98, 28, 40, 99, 101, 31, 24, 111, 4, 70, 42, 39, 43, 52, 86, 33, 71, 25, 112, 106, 92, 73, 74, 76, 78, 79, 110, 87, 90, 91, 93, 100, 94, 109, 107, 105, 95, 96, 97, 104, 103, 102, 1, 55, 69, 32, 3, 5, 6, 7, 9, 10, 12, 14, 16, 17, 19, 21, 30, 34, 68, 37, 38, 44, 45, 46, 47, 48, 51, 54, 2, 60, 62, 66, 999]"
252,"[31, 98, 99, 33, 111, 23, 14, 16, 95, 28, 101, 999, 70, 52, 40, 34, 71, 42, 25, 44, 43, 48, 69, 79, 86, 92, 90, 110, 91, 78, 76, 112, 87, 100, 93, 109, 107, 96, 97, 74, 106, 105, 104, 103, 102, 94, 1, 73, 30, 3, 4, 5, 6, 7, 9, 10, 12, 17, 19, 21, 24, 32, 68, 37, 38, 39, 45, 46, 47, 51, 54, 2, 60, 62, 66, 55]"
350,"[99, 23, 33, 28, 70, 43, 46, 101, 98, 102, 69, 79, 92, 78, 76, 74, 73, 71, 86, 87, 90, 91, 1, 95, 93, 94, 66, 96, 97, 100, 103, 104, 105, 106, 107, 109, 110, 111, 112, 68, 55, 62, 12, 24, 21, 19, 17, 16, 14, 10, 30, 9, 7, 6, 5, 4, 3, 25, 31, 60, 45, 2, 54, 52, 51, 48, 47, 44, 32, 42, 40, 39, 38, 37, 34, 999]"
23,"[99, 23, 2, 33, 1, 101, 73, 76, 42, 28, 98, 31, 102, 90, 69, 112, 70, 71, 111, 74, 110, 78, 79, 86, 87, 109, 91, 100, 92, 93, 94, 107, 95, 66, 96, 106, 97, 105, 104, 103, 68, 55, 62, 12, 24, 21, 19, 17, 16, 14, 10, 60, 9, 7, 6, 5, 4, 3, 25, 30, 32, 34, 37, 38, 39, 40, 43, 44, 45, 46, 47, 48, 51, 52, 54, 999]"
173,"[99, 98, 111, 101, 31, 55, 32, 28, 23, 109, 102, 93, 70, 43, 34, 999, 16, 24, 9, 78, 79, 86, 87, 90, 91, 92, 10, 94, 95, 96, 97, 7, 74, 100, 6, 5, 103, 104, 105, 106, 107, 4, 110, 3, 112, 76, 73, 25, 45, 21, 30, 19, 17, 33, 37, 38, 39, 40, 42, 14, 44, 46, 71, 47, 48, 51, 52, 54, 2, 60, 62, 66, 68, 69, 12, 1]"
30,"[99, 23, 2, 33, 1, 101, 73, 76, 42, 28, 98, 31, 102, 90, 69, 112, 70, 71, 111, 74, 110, 78, 79, 86, 87, 109, 91, 100, 92, 93, 94, 107, 95, 66, 96, 106, 97, 105, 104, 103, 68, 55, 62, 12, 24, 21, 19, 17, 16, 14, 10, 60, 9, 7, 6, 5, 4, 3, 25, 30, 32, 34, 37, 38, 39, 40, 43, 44, 45, 46, 47, 48, 51, 52, 54, 999]"
127,"[99, 28, 103, 42, 23, 62, 3, 94, 98, 101, 76, 43, 38, 55, 111, 100, 110, 69, 70, 71, 73, 74, 112, 78, 79, 86, 87, 90, 102, 91, 109, 92, 93, 107, 95, 68, 97, 106, 105, 104, 96, 1, 66, 14, 25, 24, 21, 19, 17, 16, 12, 60, 10, 9, 7, 6, 5, 4, 30, 31, 32, 33, 34, 37, 39, 40, 44, 45, 46, 47, 48, 51, 52, 54, 2, 999]"
385,"[4, 31, 112, 98, 111, 101, 99, 95, 48, 28, 3, 74, 90, 87, 86, 76, 79, 78, 92, 73, 71, 70, 69, 91, 1, 93, 94, 96, 66, 97, 100, 102, 103, 104, 105, 106, 107, 109, 110, 68, 55, 62, 16, 25, 24, 23, 21, 19, 17, 14, 32, 12, 10, 9, 7, 6, 5, 30, 33, 60, 45, 2, 54, 52, 51, 47, 46, 44, 34, 43, 42, 40, 39, 38, 37, 999]"
150,"[99, 23, 98, 31, 70, 14, 101, 28, 111, 33, 110, 42, 95, 62, 34, 55, 76, 78, 87, 90, 43, 68, 106, 69, 86, 112, 109, 71, 73, 74, 107, 79, 105, 97, 104, 91, 103, 102, 92, 93, 94, 100, 96, 1, 66, 60, 3, 4, 5, 6, 7, 9, 10, 12, 16, 17, 19, 21, 24, 25, 30, 32, 37, 38, 39, 40, 44, 45, 46, 47, 48, 51, 52, 54, 2, 999]"
242,"[99, 98, 101, 111, 4, 70, 34, 14, 33, 28, 71, 73, 47, 42, 95, 100, 55, 23, 16, 106, 32, 69, 104, 112, 110, 74, 76, 78, 79, 86, 87, 109, 90, 91, 102, 93, 107, 94, 103, 96, 97, 105, 92, 1, 68, 66, 3, 5, 6, 7, 9, 10, 12, 17, 19, 21, 24, 25, 30, 31, 37, 38, 39, 40, 43, 44, 45, 46, 48, 51, 52, 54, 2, 60, 62, 999]"
251,"[99, 98, 111, 101, 31, 55, 32, 28, 23, 109, 102, 93, 70, 43, 34, 999, 16, 24, 9, 78, 79, 86, 87, 90, 91, 92, 10, 94, 95, 96, 97, 7, 74, 100, 6, 5, 103, 104, 105, 106, 107, 4, 110, 3, 112, 76, 73, 25, 45, 21, 30, 19, 17, 33, 37, 38, 39, 40, 42, 14, 44, 46, 71, 47, 48, 51, 52, 54, 2, 60, 62, 66, 68, 69, 12, 1]"
183,"[98, 14, 33, 28, 23, 111, 70, 94, 55, 95, 25, 21, 100, 79, 69, 52, 99, 66, 32, 68, 109, 102, 112, 110, 71, 73, 74, 76, 78, 107, 86, 101, 90, 91, 92, 93, 106, 105, 96, 97, 104, 103, 87, 1, 62, 60, 3, 4, 5, 6, 7, 9, 10, 12, 16, 17, 19, 24, 30, 31, 34, 37, 38, 39, 40, 42, 43, 44, 45, 46, 47, 48, 51, 54, 2, 999]"
345,"[99, 90, 101, 94, 87, 103, 3, 4, 69, 42, 107, 14, 98, 86, 79, 1, 78, 91, 74, 73, 71, 70, 68, 76, 96, 92, 93, 95, 62, 97, 100, 102, 104, 105, 106, 109, 110, 111, 112, 66, 55, 60, 17, 28, 25, 24, 23, 21, 19, 16, 31, 12, 10, 9, 7, 6, 5, 30, 32, 2, 45, 54, 52, 51, 48, 47, 46, 44, 33, 43, 40, 39, 38, 37, 34, 999]"
391,"[99, 31, 14, 98, 23, 62, 101, 70, 42, 95, 28, 55, 76, 87, 90, 38, 96, 100, 111, 66, 103, 68, 112, 69, 97, 71, 73, 74, 110, 78, 79, 86, 109, 102, 106, 91, 92, 105, 93, 94, 104, 107, 1, 60, 30, 3, 4, 5, 6, 7, 9, 10, 12, 16, 17, 19, 21, 24, 25, 32, 2, 33, 34, 37, 39, 40, 43, 44, 45, 46, 47, 48, 51, 52, 54, 999]"
296,"[95, 96, 79, 111, 99, 14, 33, 4, 76, 62, 42, 98, 28, 60, 71, 78, 31, 87, 39, 70, 68, 106, 103, 69, 104, 112, 110, 109, 107, 73, 74, 105, 86, 97, 90, 91, 102, 92, 101, 93, 94, 100, 1, 55, 66, 2, 3, 5, 6, 7, 9, 10, 12, 16, 17, 19, 21, 23, 24, 25, 30, 32, 34, 37, 38, 40, 43, 44, 45, 46, 47, 48, 51, 52, 54, 999]"
267,"[99, 111, 4, 101, 98, 28, 14, 33, 70, 34, 55, 73, 95, 71, 47, 90, 87, 78, 86, 79, 92, 76, 74, 69, 91, 96, 93, 94, 66, 97, 100, 102, 103, 104, 105, 106, 107, 109, 110, 112, 68, 1, 62, 16, 25, 24, 23, 21, 19, 17, 12, 60, 10, 9, 7, 6, 5, 3, 30, 31, 32, 37, 38, 39, 40, 42, 43, 44, 45, 46, 48, 51, 52, 54, 2, 999]"
301,"[31, 98, 99, 33, 111, 23, 14, 16, 95, 28, 101, 999, 70, 52, 40, 34, 71, 42, 25, 44, 43, 48, 69, 79, 86, 92, 90, 110, 91, 78, 76, 112, 87, 100, 93, 109, 107, 96, 97, 74, 106, 105, 104, 103, 102, 94, 1, 73, 30, 3, 4, 5, 6, 7, 9, 10, 12, 17, 19, 21, 24, 32, 68, 37, 38, 39, 45, 46, 47, 51, 54, 2, 60, 62, 66, 55]"
185,"[99, 23, 31, 111, 14, 98, 28, 103, 94, 2, 76, 74, 73, 93, 79, 86, 71, 70, 69, 87, 90, 91, 92, 78, 1, 95, 96, 66, 97, 100, 101, 102, 104, 105, 106, 107, 109, 110, 112, 68, 55, 62, 12, 25, 24, 21, 19, 17, 16, 10, 32, 9, 7, 6, 5, 4, 3, 30, 33, 60, 45, 54, 52, 51, 48, 47, 46, 44, 34, 43, 42, 40, 39, 38, 37, 999]"
293,"[23, 98, 28, 40, 99, 101, 31, 24, 111, 4, 70, 42, 39, 43, 52, 86, 33, 71, 25, 112, 106, 92, 73, 74, 76, 78, 79, 110, 87, 90, 91, 93, 100, 94, 109, 107, 105, 95, 96, 97, 104, 103, 102, 1, 55, 69, 32, 3, 5, 6, 7, 9, 10, 12, 14, 16, 17, 19, 21, 30, 34, 68, 37, 38, 44, 45, 46, 47, 48, 51, 54, 2, 60, 62, 66, 999]"
137,"[31, 99, 14, 98, 2, 23, 1, 70, 101, 95, 96, 28, 90, 100, 87, 66, 111, 55, 25, 7, 78, 79, 86, 16, 12, 91, 92, 93, 94, 10, 9, 97, 6, 30, 5, 4, 102, 103, 104, 105, 106, 107, 109, 110, 3, 112, 76, 74, 73, 71, 24, 32, 33, 34, 37, 38, 39, 40, 42, 43, 44, 45, 46, 47, 48, 51, 52, 54, 21, 60, 62, 19, 68, 69, 17, 999]"
382,"[98, 99, 101, 4, 100, 103, 31, 33, 28, 94, 76, 52, 78, 92, 74, 73, 71, 86, 70, 87, 90, 91, 69, 79, 1, 93, 95, 66, 96, 97, 102, 104, 105, 106, 107, 109, 110, 111, 112, 68, 55, 62, 14, 24, 23, 21, 19, 17, 16, 12, 30, 10, 9, 7, 6, 5, 3, 25, 32, 60, 45, 2, 54, 51, 48, 47, 46, 44, 34, 43, 42, 40, 39, 38, 37, 999]"
220,"[99, 2, 28, 42, 98, 62, 23, 16, 101, 38, 55, 52, 33, 111, 76, 90, 87, 91, 79, 86, 78, 74, 73, 71, 92, 95, 93, 94, 69, 96, 97, 100, 102, 103, 104, 105, 106, 107, 109, 110, 112, 70, 1, 68, 30, 3, 4, 5, 6, 7, 9, 10, 12, 14, 17, 19, 21, 24, 25, 31, 66, 32, 34, 37, 39, 40, 43, 44, 45, 46, 47, 48, 51, 54, 60, 999]"
25,"[34, 98, 23, 14, 101, 99, 42, 70, 33, 28, 105, 73, 62, 2, 55, 102, 48, 47, 111, 39, 1, 31, 3, 16, 9, 86, 87, 90, 91, 92, 93, 94, 95, 96, 97, 32, 79, 100, 6, 5, 103, 104, 4, 106, 107, 109, 110, 112, 7, 76, 78, 74, 30, 37, 38, 25, 40, 24, 43, 44, 45, 46, 21, 19, 51, 52, 54, 17, 60, 66, 68, 69, 12, 71, 10, 999]"
339,"[4, 98, 31, 16, 14, 99, 28, 69, 43, 44, 101, 40, 111, 92, 86, 87, 78, 90, 76, 74, 73, 71, 70, 91, 79, 1, 93, 94, 95, 96, 68, 100, 102, 103, 104, 105, 106, 107, 109, 110, 112, 97, 55, 66, 32, 3, 5, 6, 7, 9, 10, 12, 17, 19, 21, 23, 24, 25, 30, 33, 62, 34, 37, 38, 39, 42, 45, 46, 47, 48, 51, 52, 54, 2, 60, 999]"
97,"[99, 3, 98, 33, 14, 28, 31, 52, 73, 74, 76, 94, 79, 86, 87, 90, 71, 70, 69, 91, 92, 93, 78, 1, 95, 105, 112, 111, 110, 109, 107, 106, 104, 96, 103, 102, 101, 100, 97, 66, 68, 55, 62, 16, 25, 24, 23, 21, 19, 17, 12, 60, 10, 9, 7, 6, 5, 4, 30, 32, 34, 37, 38, 39, 40, 42, 43, 44, 45, 46, 47, 48, 51, 54, 2, 999]"
268,"[99, 98, 33, 23, 62, 101, 110, 28, 100, 70, 111, 73, 103, 102, 42, 43, 90, 87, 47, 78, 76, 39, 96, 16, 14, 104, 106, 95, 79, 71, 112, 109, 74, 107, 105, 86, 94, 91, 97, 92, 69, 93, 1, 55, 68, 66, 3, 4, 5, 6, 7, 9, 10, 12, 17, 19, 21, 24, 25, 30, 31, 32, 34, 37, 38, 40, 44, 45, 46, 48, 51, 52, 54, 2, 60, 999]"
24,"[2, 4, 28, 98, 16, 99, 101, 112, 95, 1, 90, 87, 86, 79, 76, 78, 92, 74, 73, 71, 70, 69, 68, 91, 96, 93, 94, 62, 97, 100, 102, 103, 104, 105, 106, 107, 109, 110, 111, 66, 55, 60, 14, 25, 24, 23, 21, 19, 17, 12, 31, 10, 9, 7, 6, 5, 3, 30, 32, 54, 44, 52, 51, 48, 47, 46, 45, 43, 33, 42, 40, 39, 38, 37, 34, 999]"
157,"[99, 28, 23, 4, 66, 101, 70, 71, 14, 92, 91, 90, 87, 78, 86, 79, 94, 76, 74, 73, 69, 68, 93, 1, 95, 96, 62, 98, 100, 102, 103, 104, 105, 106, 107, 109, 110, 111, 112, 97, 55, 60, 16, 30, 25, 24, 21, 19, 17, 12, 32, 10, 9, 7, 6, 5, 3, 31, 33, 2, 45, 54, 52, 51, 48, 47, 46, 44, 34, 43, 42, 40, 39, 38, 37, 999]"
307,"[31, 98, 99, 33, 111, 23, 14, 16, 95, 28, 101, 999, 70, 52, 40, 34, 71, 42, 25, 44, 43, 48, 69, 79, 86, 92, 90, 110, 91, 78, 76, 112, 87, 100, 93, 109, 107, 96, 97, 74, 106, 105, 104, 103, 102, 94, 1, 73, 30, 3, 4, 5, 6, 7, 9, 10, 12, 17, 19, 21, 24, 32, 68, 37, 38, 39, 45, 46, 47, 51, 54, 2, 60, 62, 66, 55]"
49,"[99, 98, 23, 103, 42, 28, 4, 111, 78, 62, 102, 101, 94, 76, 14, 70, 24, 33, 43, 34, 38, 47, 92, 79, 39, 71, 73, 30, 97, 87, 112, 74, 110, 109, 107, 106, 86, 90, 96, 91, 105, 104, 93, 100, 95, 1, 55, 69, 31, 3, 5, 6, 7, 9, 10, 12, 16, 17, 19, 21, 25, 32, 68, 37, 40, 44, 45, 46, 48, 51, 52, 54, 2, 60, 66, 999]"
292,"[99, 98, 31, 2, 101, 66, 1, 28, 111, 74, 40, 34, 30, 55, 14, 21, 6, 76, 78, 79, 86, 87, 90, 91, 92, 93, 94, 95, 96, 97, 5, 73, 100, 4, 102, 103, 104, 105, 106, 107, 109, 110, 3, 112, 7, 71, 23, 70, 24, 25, 19, 17, 16, 32, 33, 37, 38, 39, 12, 42, 43, 44, 45, 46, 47, 48, 51, 52, 54, 10, 60, 62, 9, 68, 69, 999]"
262,"[31, 98, 99, 33, 111, 23, 14, 16, 95, 28, 101, 999, 70, 52, 40, 34, 71, 42, 25, 44, 43, 48, 69, 79, 86, 92, 90, 110, 91, 78, 76, 112, 87, 100, 93, 109, 107, 96, 97, 74, 106, 105, 104, 103, 102, 94, 1, 73, 30, 3, 4, 5, 6, 7, 9, 10, 12, 17, 19, 21, 24, 32, 68, 37, 38, 39, 45, 46, 47, 51, 54, 2, 60, 62, 66, 55]"
198,"[4, 23, 66, 28, 48, 99, 79, 92, 91, 90, 87, 86, 78, 94, 76, 74, 73, 71, 70, 69, 68, 93, 1, 95, 105, 112, 111, 110, 109, 107, 106, 104, 62, 103, 102, 101, 100, 98, 97, 96, 55, 60, 14, 25, 24, 21, 19, 17, 16, 12, 31, 10, 9, 7, 6, 5, 3, 30, 32, 2, 44, 54, 52, 51, 47, 46, 45, 43, 33, 42, 40, 39, 38, 37, 34, 999]"
199,"[31, 99, 98, 14, 23, 101, 95, 28, 70, 52, 87, 90, 96, 33, 100, 55, 4, 111, 102, 110, 112, 71, 73, 74, 76, 78, 79, 86, 91, 103, 92, 93, 94, 109, 107, 106, 97, 68, 105, 104, 69, 1, 66, 16, 30, 25, 24, 21, 19, 17, 12, 62, 10, 9, 7, 6, 5, 3, 32, 34, 37, 38, 39, 40, 42, 43, 44, 45, 46, 47, 48, 51, 54, 2, 60, 999]"
76,"[99, 98, 28, 31, 70, 23, 101, 39, 74, 46, 19, 87, 91, 90, 86, 93, 79, 78, 76, 73, 71, 69, 92, 1, 94, 105, 112, 111, 110, 109, 107, 106, 104, 95, 103, 102, 100, 97, 66, 96, 68, 55, 62, 12, 25, 24, 21, 17, 16, 14, 10, 60, 9, 7, 6, 5, 4, 3, 30, 32, 33, 34, 37, 38, 40, 42, 43, 44, 45, 47, 48, 51, 52, 54, 2, 999]"
129,"[99, 31, 98, 14, 23, 28, 62, 101, 95, 55, 42, 33, 90, 87, 76, 52, 38, 96, 100, 111, 70, 69, 86, 112, 71, 73, 74, 102, 110, 78, 79, 109, 103, 97, 91, 106, 92, 93, 105, 94, 104, 107, 1, 68, 30, 3, 4, 5, 6, 7, 9, 10, 12, 16, 17, 19, 21, 24, 25, 32, 66, 34, 37, 39, 40, 43, 44, 45, 46, 47, 48, 51, 54, 2, 60, 999]"
300,"[99, 4, 3, 28, 98, 16, 51, 42, 101, 23, 55, 112, 6, 106, 92, 70, 71, 73, 74, 76, 78, 79, 86, 87, 90, 91, 93, 105, 94, 95, 96, 97, 68, 111, 100, 110, 109, 102, 107, 103, 104, 69, 1, 66, 33, 5, 7, 9, 10, 12, 14, 17, 19, 21, 24, 25, 30, 31, 32, 34, 62, 37, 38, 39, 40, 43, 44, 45, 46, 47, 48, 52, 54, 2, 60, 999]"
9,"[2, 1, 4, 98, 76, 91, 90, 87, 86, 79, 78, 112, 92, 73, 71, 70, 69, 68, 66, 62, 74, 94, 93, 104, 111, 110, 109, 107, 106, 105, 103, 60, 102, 101, 100, 99, 97, 96, 95, 55, 54, 52, 25, 24, 23, 21, 19, 17, 16, 14, 12, 10, 9, 7, 6, 5, 3, 28, 30, 31, 43, 51, 48, 47, 46, 45, 44, 42, 32, 40, 39, 38, 37, 34, 33, 999]"
289,"[99, 31, 98, 14, 23, 101, 62, 42, 95, 28, 111, 38, 90, 87, 96, 55, 76, 100, 70, 91, 79, 86, 74, 73, 71, 69, 78, 106, 92, 105, 94, 68, 97, 112, 110, 109, 102, 103, 107, 104, 93, 1, 66, 12, 25, 24, 21, 19, 17, 16, 10, 60, 9, 7, 6, 5, 4, 3, 30, 32, 33, 34, 37, 39, 40, 43, 44, 45, 46, 47, 48, 51, 52, 54, 2, 999]"
276,"[99, 98, 111, 101, 70, 14, 34, 33, 42, 16, 28, 71, 73, 48, 47, 95, 55, 100, 106, 23, 32, 69, 103, 112, 110, 74, 76, 78, 79, 86, 109, 107, 87, 90, 102, 92, 97, 93, 94, 105, 96, 104, 91, 1, 68, 66, 3, 4, 5, 6, 7, 9, 10, 12, 17, 19, 21, 24, 25, 30, 31, 37, 38, 39, 40, 43, 44, 45, 46, 51, 52, 54, 2, 60, 62, 999]"
15,"[34, 23, 101, 14, 42, 99, 98, 70, 1, 4, 28, 105, 73, 33, 62, 102, 48, 47, 111, 39, 55, 16, 32, 78, 86, 87, 90, 91, 92, 93, 94, 95, 96, 97, 10, 9, 100, 7, 6, 103, 104, 5, 106, 107, 109, 110, 3, 112, 79, 76, 31, 74, 30, 37, 38, 25, 40, 24, 43, 44, 45, 46, 21, 19, 51, 52, 54, 2, 60, 17, 66, 68, 69, 71, 12, 999]"
194,"[66, 74, 28, 98, 3, 111, 34, 30, 99, 101, 100, 95, 31, 40, 102, 51, 14, 2, 91, 78, 76, 79, 86, 73, 71, 87, 90, 1, 97, 92, 93, 94, 96, 69, 103, 104, 105, 106, 107, 109, 110, 112, 70, 55, 68, 62, 4, 5, 6, 7, 9, 10, 12, 16, 17, 19, 21, 23, 24, 25, 32, 33, 37, 38, 39, 42, 43, 44, 45, 46, 47, 48, 52, 54, 60, 999]"
121,"[98, 99, 31, 3, 101, 19, 95, 42, 28, 38, 74, 79, 86, 93, 78, 76, 90, 73, 71, 70, 91, 92, 69, 87, 1, 94, 96, 66, 97, 100, 102, 103, 104, 105, 106, 107, 109, 110, 111, 112, 68, 55, 62, 14, 25, 24, 23, 21, 17, 16, 12, 60, 10, 9, 7, 6, 5, 4, 30, 32, 33, 34, 37, 39, 40, 43, 44, 45, 46, 47, 48, 51, 52, 54, 2, 999]"
99,"[99, 23, 33, 28, 70, 43, 46, 101, 98, 102, 69, 79, 92, 78, 76, 74, 73, 71, 86, 87, 90, 91, 1, 95, 93, 94, 66, 96, 97, 100, 103, 104, 105, 106, 107, 109, 110, 111, 112, 68, 55, 62, 12, 24, 21, 19, 17, 16, 14, 10, 30, 9, 7, 6, 5, 4, 3, 25, 31, 60, 45, 2, 54, 52, 51, 48, 47, 44, 32, 42, 40, 39, 38, 37, 34, 999]"
390,"[99, 90, 101, 94, 87, 103, 3, 4, 69, 42, 107, 14, 98, 86, 79, 1, 78, 91, 74, 73, 71, 70, 68, 76, 96, 92, 93, 95, 62, 97, 100, 102, 104, 105, 106, 109, 110, 111, 112, 66, 55, 60, 17, 28, 25, 24, 23, 21, 19, 16, 31, 12, 10, 9, 7, 6, 5, 30, 32, 2, 45, 54, 52, 51, 48, 47, 46, 44, 33, 43, 40, 39, 38, 37, 34, 999]"
238,"[98, 14, 33, 28, 23, 111, 70, 94, 55, 95, 25, 21, 100, 79, 69, 52, 99, 66, 32, 68, 109, 102, 112, 110, 71, 73, 74, 76, 78, 107, 86, 101, 90, 91, 92, 93, 106, 105, 96, 97, 104, 103, 87, 1, 62, 60, 3, 4, 5, 6, 7, 9, 10, 12, 16, 17, 19, 24, 30, 31, 34, 37, 38, 39, 40, 42, 43, 44, 45, 46, 47, 48, 51, 54, 2, 999]"
371,"[99, 3, 98, 33, 14, 28, 31, 52, 73, 74, 76, 94, 79, 86, 87, 90, 71, 70, 69, 91, 92, 93, 78, 1, 95, 105, 112, 111, 110, 109, 107, 106, 104, 96, 103, 102, 101, 100, 97, 66, 68, 55, 62, 16, 25, 24, 23, 21, 19, 17, 12, 60, 10, 9, 7, 6, 5, 4, 30, 32, 34, 37, 38, 39, 40, 42, 43, 44, 45, 46, 47, 48, 51, 54, 2, 999]"
213,"[99, 98, 33, 23, 62, 101, 110, 28, 100, 70, 111, 73, 103, 102, 42, 43, 90, 87, 47, 78, 76, 39, 96, 16, 14, 104, 106, 95, 79, 71, 112, 109, 74, 107, 105, 86, 94, 91, 97, 92, 69, 93, 1, 55, 68, 66, 3, 4, 5, 6, 7, 9, 10, 12, 17, 19, 21, 24, 25, 30, 31, 32, 34, 37, 38, 40, 44, 45, 46, 48, 51, 52, 54, 2, 60, 999]"
171,"[99, 23, 31, 111, 14, 98, 28, 103, 94, 2, 76, 74, 73, 93, 79, 86, 71, 70, 69, 87, 90, 91, 92, 78, 1, 95, 96, 66, 97, 100, 101, 102, 104, 105, 106, 107, 109, 110, 112, 68, 55, 62, 12, 25, 24, 21, 19, 17, 16, 10, 32, 9, 7, 6, 5, 4, 3, 30, 33, 60, 45, 54, 52, 51, 48, 47, 46, 44, 34, 43, 42, 40, 39, 38, 37, 999]"
170,"[2, 99, 31, 98, 101, 1, 28, 40, 34, 111, 100, 30, 55, 14, 19, 97, 74, 76, 78, 79, 86, 87, 90, 91, 92, 93, 94, 95, 96, 7, 71, 6, 5, 4, 102, 103, 104, 105, 106, 107, 109, 110, 3, 112, 73, 70, 21, 69, 23, 24, 25, 17, 16, 32, 33, 12, 37, 38, 39, 10, 42, 43, 44, 45, 46, 47, 48, 51, 52, 54, 9, 60, 62, 66, 68, 999]"
107,"[99, 98, 4, 111, 70, 28, 112, 33, 52, 71, 39, 101, 1, 90, 87, 86, 78, 79, 92, 76, 74, 73, 69, 91, 95, 93, 94, 66, 96, 97, 100, 102, 103, 104, 105, 106, 107, 109, 110, 68, 55, 62, 14, 24, 23, 21, 19, 17, 16, 12, 30, 10, 9, 7, 6, 5, 3, 25, 31, 60, 45, 2, 54, 51, 48, 47, 46, 44, 32, 43, 42, 40, 38, 37, 34, 999]"
193,"[98, 14, 33, 28, 23, 111, 70, 94, 55, 95, 25, 21, 100, 79, 69, 52, 99, 66, 32, 68, 109, 102, 112, 110, 71, 73, 74, 76, 78, 107, 86, 101, 90, 91, 92, 93, 106, 105, 96, 97, 104, 103, 87, 1, 62, 60, 3, 4, 5, 6, 7, 9, 10, 12, 16, 17, 19, 24, 30, 31, 34, 37, 38, 39, 40, 42, 43, 44, 45, 46, 47, 48, 51, 54, 2, 999]"
165,"[4, 99, 28, 23, 98, 66, 112, 42, 6, 51, 16, 101, 90, 87, 86, 76, 79, 78, 92, 74, 73, 71, 70, 69, 91, 1, 93, 94, 95, 96, 68, 100, 102, 103, 104, 105, 106, 107, 109, 110, 111, 97, 55, 62, 32, 3, 5, 7, 9, 10, 12, 14, 17, 19, 21, 24, 25, 30, 31, 33, 60, 34, 37, 38, 39, 40, 43, 44, 45, 46, 47, 48, 52, 54, 2, 999]"
227,"[99, 33, 31, 111, 23, 98, 95, 28, 101, 52, 34, 71, 999, 70, 14, 48, 42, 40, 4, 25, 16, 100, 91, 73, 74, 76, 78, 79, 86, 87, 112, 90, 104, 92, 105, 93, 94, 102, 96, 97, 110, 109, 107, 106, 103, 1, 69, 68, 3, 5, 6, 7, 9, 10, 12, 17, 19, 21, 24, 30, 32, 37, 38, 39, 43, 44, 45, 46, 47, 51, 54, 2, 60, 62, 66, 55]"
110,"[23, 98, 99, 31, 70, 14, 28, 101, 55, 111, 95, 34, 76, 42, 33, 68, 66, 100, 90, 69, 112, 71, 73, 74, 110, 78, 79, 86, 87, 91, 102, 109, 92, 93, 94, 107, 106, 105, 104, 103, 97, 96, 1, 62, 30, 3, 4, 5, 6, 7, 9, 10, 12, 16, 17, 19, 21, 24, 25, 32, 60, 37, 38, 39, 40, 43, 44, 45, 46, 47, 48, 51, 52, 54, 2, 999]"
87,"[33, 5, 98, 99, 4, 28, 40, 73, 39, 38, 16, 17, 42, 34, 93, 76, 30, 78, 96, 95, 94, 74, 79, 92, 90, 87, 86, 91, 1, 97, 70, 100, 101, 102, 103, 104, 105, 106, 107, 109, 110, 111, 112, 71, 55, 69, 32, 3, 6, 7, 9, 10, 12, 14, 19, 21, 23, 24, 25, 31, 37, 68, 43, 44, 45, 46, 47, 48, 51, 52, 54, 2, 60, 62, 66, 999]"
141,"[99, 98, 23, 101, 103, 42, 31, 3, 112, 111, 48, 62, 28, 95, 70, 105, 74, 73, 33, 94, 40, 71, 91, 79, 78, 86, 87, 90, 76, 1, 92, 93, 69, 97, 100, 102, 104, 106, 107, 109, 110, 96, 55, 68, 30, 4, 5, 6, 7, 9, 10, 12, 14, 16, 17, 19, 21, 24, 25, 32, 66, 34, 37, 38, 39, 43, 44, 45, 46, 47, 51, 52, 54, 2, 60, 999]"
114,"[99, 23, 70, 43, 33, 28, 46, 69, 102, 31, 30, 98, 101, 14, 93, 87, 86, 79, 78, 76, 74, 90, 73, 71, 91, 92, 1, 94, 95, 96, 68, 100, 103, 104, 105, 106, 107, 109, 110, 111, 112, 97, 55, 66, 32, 3, 4, 5, 6, 7, 9, 10, 12, 16, 17, 19, 21, 24, 25, 34, 62, 37, 38, 39, 40, 42, 44, 45, 47, 48, 51, 52, 54, 2, 60, 999]"
161,"[4, 99, 28, 2, 94, 66, 71, 48, 74, 39, 101, 1, 90, 87, 78, 86, 79, 92, 76, 73, 70, 69, 91, 95, 93, 96, 97, 98, 100, 102, 103, 104, 105, 106, 107, 109, 110, 111, 112, 68, 55, 62, 14, 24, 23, 21, 19, 17, 16, 12, 30, 10, 9, 7, 6, 5, 3, 25, 31, 60, 44, 54, 52, 51, 47, 46, 45, 43, 32, 42, 40, 38, 37, 34, 33, 999]"
303,"[99, 98, 101, 111, 4, 70, 34, 14, 33, 28, 71, 73, 47, 42, 95, 100, 55, 23, 16, 106, 32, 69, 104, 112, 110, 74, 76, 78, 79, 86, 87, 109, 90, 91, 102, 93, 107, 94, 103, 96, 97, 105, 92, 1, 68, 66, 3, 5, 6, 7, 9, 10, 12, 17, 19, 21, 24, 25, 30, 31, 37, 38, 39, 40, 43, 44, 45, 46, 48, 51, 52, 54, 2, 60, 62, 999]"
115,"[23, 99, 98, 31, 70, 14, 28, 101, 111, 33, 110, 55, 42, 95, 62, 34, 76, 78, 87, 90, 43, 68, 106, 69, 86, 112, 109, 71, 73, 74, 107, 79, 105, 97, 104, 91, 103, 102, 92, 93, 94, 100, 96, 1, 66, 60, 3, 4, 5, 6, 7, 9, 10, 12, 16, 17, 19, 21, 24, 25, 30, 32, 37, 38, 39, 40, 44, 45, 46, 47, 48, 51, 52, 54, 2, 999]"
229,"[99, 23, 98, 28, 34, 101, 14, 42, 33, 70, 39, 4, 93, 69, 73, 71, 38, 55, 111, 100, 102, 112, 74, 76, 78, 79, 86, 87, 90, 91, 92, 110, 109, 94, 107, 106, 95, 105, 104, 103, 97, 96, 1, 68, 31, 3, 5, 6, 7, 9, 10, 12, 16, 17, 19, 21, 24, 25, 30, 32, 66, 37, 40, 43, 44, 45, 46, 47, 48, 51, 52, 54, 2, 60, 62, 999]"
86,"[99, 3, 98, 33, 14, 28, 31, 52, 73, 74, 76, 94, 79, 86, 87, 90, 71, 70, 69, 91, 92, 93, 78, 1, 95, 105, 112, 111, 110, 109, 107, 106, 104, 96, 103, 102, 101, 100, 97, 66, 68, 55, 62, 16, 25, 24, 23, 21, 19, 17, 12, 60, 10, 9, 7, 6, 5, 4, 30, 32, 34, 37, 38, 39, 40, 42, 43, 44, 45, 46, 47, 48, 51, 54, 2, 999]"
29,"[4, 2, 28, 1, 3, 98, 103, 78, 91, 90, 87, 86, 79, 76, 93, 74, 73, 71, 70, 69, 68, 92, 96, 94, 105, 112, 111, 110, 109, 107, 106, 104, 95, 102, 101, 100, 99, 97, 62, 66, 55, 60, 16, 25, 24, 23, 21, 19, 17, 14, 31, 12, 10, 9, 7, 6, 5, 30, 32, 54, 44, 52, 51, 48, 47, 46, 45, 43, 33, 42, 40, 39, 38, 37, 34, 999]"
50,"[33, 5, 98, 4, 99, 28, 40, 73, 39, 2, 38, 93, 34, 30, 42, 76, 17, 16, 79, 78, 86, 96, 90, 91, 92, 74, 94, 95, 87, 107, 112, 106, 97, 71, 111, 110, 109, 100, 101, 102, 103, 104, 105, 1, 55, 70, 32, 3, 6, 7, 9, 10, 12, 14, 19, 21, 23, 24, 25, 31, 37, 69, 43, 44, 45, 46, 47, 48, 51, 52, 54, 60, 62, 66, 68, 999]"
162,"[99, 90, 101, 94, 87, 103, 3, 4, 69, 42, 107, 14, 98, 86, 79, 1, 78, 91, 74, 73, 71, 70, 68, 76, 96, 92, 93, 95, 62, 97, 100, 102, 104, 105, 106, 109, 110, 111, 112, 66, 55, 60, 17, 28, 25, 24, 23, 21, 19, 16, 31, 12, 10, 9, 7, 6, 5, 30, 32, 2, 45, 54, 52, 51, 48, 47, 46, 44, 33, 43, 40, 39, 38, 37, 34, 999]"
140,"[31, 14, 98, 16, 95, 99, 34, 33, 28, 51, 97, 91, 101, 86, 19, 17, 106, 10, 74, 4, 93, 87, 90, 79, 78, 76, 73, 92, 1, 100, 94, 96, 70, 102, 103, 104, 105, 107, 109, 110, 111, 112, 71, 55, 69, 68, 3, 5, 6, 7, 9, 12, 21, 23, 24, 25, 30, 32, 37, 38, 39, 40, 42, 43, 44, 45, 46, 47, 48, 52, 54, 2, 60, 62, 66, 999]"
85,"[23, 99, 98, 31, 70, 14, 101, 28, 111, 33, 42, 110, 95, 62, 34, 55, 76, 78, 87, 90, 43, 68, 106, 69, 86, 112, 109, 71, 73, 74, 107, 79, 105, 97, 104, 91, 103, 102, 92, 93, 94, 100, 96, 1, 66, 60, 3, 4, 5, 6, 7, 9, 10, 12, 16, 17, 19, 21, 24, 25, 30, 32, 37, 38, 39, 40, 44, 45, 46, 47, 48, 51, 52, 54, 2, 999]"
357,"[99, 98, 33, 23, 62, 101, 110, 28, 100, 70, 111, 73, 103, 102, 42, 43, 90, 87, 47, 78, 76, 39, 96, 16, 14, 104, 106, 95, 79, 71, 112, 109, 74, 107, 105, 86, 94, 91, 97, 92, 69, 93, 1, 55, 68, 66, 3, 4, 5, 6, 7, 9, 10, 12, 17, 19, 21, 24, 25, 30, 31, 32, 34, 37, 38, 40, 44, 45, 46, 48, 51, 52, 54, 2, 60, 999]"
214,"[99, 23, 31, 111, 14, 98, 28, 103, 94, 2, 76, 74, 73, 93, 79, 86, 71, 70, 69, 87, 90, 91, 92, 78, 1, 95, 96, 66, 97, 100, 101, 102, 104, 105, 106, 107, 109, 110, 112, 68, 55, 62, 12, 25, 24, 21, 19, 17, 16, 10, 32, 9, 7, 6, 5, 4, 3, 30, 33, 60, 45, 54, 52, 51, 48, 47, 46, 44, 34, 43, 42, 40, 39, 38, 37, 999]"
295,"[98, 14, 33, 28, 23, 111, 70, 94, 55, 95, 25, 21, 100, 79, 69, 52, 99, 66, 32, 68, 109, 102, 112, 110, 71, 73, 74, 76, 78, 107, 86, 101, 90, 91, 92, 93, 106, 105, 96, 97, 104, 103, 87, 1, 62, 60, 3, 4, 5, 6, 7, 9, 10, 12, 16, 17, 19, 24, 30, 31, 34, 37, 38, 39, 40, 42, 43, 44, 45, 46, 47, 48, 51, 54, 2, 999]"
316,"[98, 14, 33, 23, 28, 70, 111, 25, 95, 94, 99, 21, 100, 55, 79, 69, 52, 74, 66, 32, 68, 109, 86, 112, 110, 71, 73, 107, 76, 78, 106, 101, 102, 90, 91, 92, 93, 105, 104, 96, 97, 103, 87, 1, 62, 60, 3, 4, 5, 6, 7, 9, 10, 12, 16, 17, 19, 24, 30, 31, 34, 37, 38, 39, 40, 42, 43, 44, 45, 46, 47, 48, 51, 54, 2, 999]"
212,"[99, 23, 31, 111, 14, 98, 28, 103, 94, 2, 76, 74, 73, 93, 79, 86, 71, 70, 69, 87, 90, 91, 92, 78, 1, 95, 96, 66, 97, 100, 101, 102, 104, 105, 106, 107, 109, 110, 112, 68, 55, 62, 12, 25, 24, 21, 19, 17, 16, 10, 32, 9, 7, 6, 5, 4, 3, 30, 33, 60, 45, 54, 52, 51, 48, 47, 46, 44, 34, 43, 42, 40, 39, 38, 37, 999]"
143,"[31, 14, 98, 16, 95, 99, 3, 34, 33, 28, 51, 97, 91, 101, 86, 19, 17, 106, 10, 74, 93, 87, 90, 79, 78, 76, 73, 92, 1, 100, 94, 96, 70, 102, 103, 104, 105, 107, 109, 110, 111, 112, 71, 55, 69, 68, 4, 5, 6, 7, 9, 12, 21, 23, 24, 25, 30, 32, 37, 38, 39, 40, 42, 43, 44, 45, 46, 47, 48, 52, 54, 2, 60, 62, 66, 999]"
164,"[99, 90, 101, 42, 87, 112, 94, 98, 23, 48, 14, 103, 97, 999, 16, 107, 54, 69, 102, 73, 74, 71, 76, 78, 70, 79, 86, 96, 91, 92, 93, 95, 66, 100, 104, 105, 106, 109, 110, 111, 68, 1, 62, 12, 28, 25, 24, 21, 19, 17, 10, 60, 9, 7, 6, 5, 4, 3, 30, 31, 32, 33, 34, 37, 38, 39, 40, 43, 44, 45, 46, 47, 51, 52, 2, 55]"
236,"[98, 31, 14, 99, 101, 95, 79, 71, 33, 46, 97, 28, 100, 39, 2, 110, 4, 91, 78, 76, 74, 73, 86, 70, 87, 90, 1, 96, 92, 93, 94, 68, 102, 103, 104, 105, 106, 107, 109, 111, 112, 69, 55, 66, 30, 3, 5, 6, 7, 9, 10, 12, 16, 17, 19, 21, 23, 24, 25, 32, 62, 34, 37, 38, 40, 42, 43, 44, 45, 47, 48, 51, 52, 54, 60, 999]"
104,"[98, 4, 23, 99, 111, 102, 78, 47, 14, 101, 42, 28, 24, 33, 70, 46, 79, 39, 76, 34, 73, 92, 55, 30, 106, 71, 90, 112, 74, 110, 109, 107, 86, 87, 96, 100, 97, 105, 104, 93, 94, 103, 95, 91, 1, 69, 32, 3, 5, 6, 7, 9, 10, 12, 16, 17, 19, 21, 25, 31, 37, 68, 38, 40, 43, 44, 45, 48, 51, 52, 54, 2, 60, 62, 66, 999]"
335,"[99, 23, 98, 47, 101, 46, 42, 71, 95, 106, 14, 103, 28, 87, 86, 79, 1, 78, 91, 76, 74, 73, 70, 69, 90, 96, 92, 93, 94, 66, 97, 100, 102, 104, 105, 107, 109, 110, 111, 112, 68, 55, 62, 12, 25, 24, 21, 19, 17, 16, 10, 60, 9, 7, 6, 5, 4, 3, 30, 31, 32, 33, 34, 37, 38, 39, 40, 43, 44, 45, 48, 51, 52, 54, 2, 999]"
312,"[98, 14, 33, 28, 23, 111, 70, 94, 55, 95, 25, 21, 100, 79, 69, 52, 99, 66, 32, 68, 109, 102, 112, 110, 71, 73, 74, 76, 78, 107, 86, 101, 90, 91, 92, 93, 106, 105, 96, 97, 104, 103, 87, 1, 62, 60, 3, 4, 5, 6, 7, 9, 10, 12, 16, 17, 19, 24, 30, 31, 34, 37, 38, 39, 40, 42, 43, 44, 45, 46, 47, 48, 51, 54, 2, 999]"
336,"[99, 31, 98, 14, 23, 101, 95, 47, 70, 71, 46, 28, 55, 103, 106, 111, 102, 87, 69, 112, 73, 74, 76, 110, 109, 78, 79, 86, 90, 100, 91, 92, 93, 94, 107, 96, 66, 97, 105, 104, 68, 1, 62, 12, 25, 24, 21, 19, 17, 16, 10, 60, 9, 7, 6, 5, 4, 3, 30, 32, 33, 34, 37, 38, 39, 40, 42, 43, 44, 45, 48, 51, 52, 54, 2, 999]"
201,"[3, 99, 55, 23, 33, 31, 28, 98, 14, 16, 42, 106, 79, 92, 91, 90, 87, 86, 78, 94, 76, 74, 73, 71, 70, 93, 95, 105, 96, 97, 112, 68, 111, 110, 109, 100, 101, 107, 102, 103, 104, 69, 1, 66, 34, 4, 5, 6, 7, 9, 10, 12, 17, 19, 21, 24, 25, 30, 32, 37, 62, 38, 39, 40, 43, 44, 45, 46, 47, 48, 51, 52, 54, 2, 60, 999]"
302,"[99, 98, 111, 101, 31, 55, 32, 28, 23, 109, 102, 93, 70, 43, 34, 999, 16, 24, 9, 78, 79, 86, 87, 90, 91, 92, 10, 94, 95, 96, 97, 7, 74, 100, 6, 5, 103, 104, 105, 106, 107, 4, 110, 3, 112, 76, 73, 25, 45, 21, 30, 19, 17, 33, 37, 38, 39, 40, 42, 14, 44, 46, 71, 47, 48, 51, 52, 54, 2, 60, 62, 66, 68, 69, 12, 1]"
374,"[99, 98, 111, 101, 31, 55, 32, 28, 23, 109, 102, 93, 70, 43, 34, 999, 16, 24, 9, 78, 79, 86, 87, 90, 91, 92, 10, 94, 95, 96, 97, 7, 74, 100, 6, 5, 103, 104, 105, 106, 107, 4, 110, 3, 112, 76, 73, 25, 45, 21, 30, 19, 17, 33, 37, 38, 39, 40, 42, 14, 44, 46, 71, 47, 48, 51, 52, 54, 2, 60, 62, 66, 68, 69, 12, 1]"
284,"[99, 28, 23, 101, 38, 70, 98, 46, 42, 1, 90, 87, 86, 92, 79, 78, 76, 74, 73, 71, 69, 91, 95, 93, 105, 112, 111, 110, 109, 107, 106, 104, 94, 103, 102, 100, 97, 96, 66, 68, 55, 62, 12, 24, 21, 19, 17, 16, 14, 10, 30, 9, 7, 6, 5, 4, 3, 25, 31, 60, 45, 2, 54, 52, 51, 48, 47, 44, 32, 43, 40, 39, 37, 34, 33, 999]"
211,"[99, 23, 33, 28, 70, 43, 46, 101, 98, 102, 69, 79, 92, 78, 76, 74, 73, 71, 86, 87, 90, 91, 1, 95, 93, 94, 66, 96, 97, 100, 103, 104, 105, 106, 107, 109, 110, 111, 112, 68, 55, 62, 12, 24, 21, 19, 17, 16, 14, 10, 30, 9, 7, 6, 5, 4, 3, 25, 31, 60, 45, 2, 54, 52, 51, 48, 47, 44, 32, 42, 40, 39, 38, 37, 34, 999]"
283,"[31, 99, 14, 98, 2, 23, 1, 70, 101, 95, 96, 28, 90, 100, 87, 66, 111, 55, 25, 7, 78, 79, 86, 16, 12, 91, 92, 93, 94, 10, 9, 97, 6, 30, 5, 4, 102, 103, 104, 105, 106, 107, 109, 110, 3, 112, 76, 74, 73, 71, 24, 32, 33, 34, 37, 38, 39, 40, 42, 43, 44, 45, 46, 47, 48, 51, 52, 54, 21, 60, 62, 19, 68, 69, 17, 999]"
147,"[33, 99, 14, 98, 31, 4, 93, 101, 62, 28, 30, 39, 95, 96, 97, 42, 23, 102, 90, 73, 79, 74, 91, 71, 87, 86, 76, 92, 78, 1, 94, 69, 100, 103, 104, 105, 106, 107, 109, 110, 111, 112, 70, 55, 68, 66, 3, 5, 6, 7, 9, 10, 12, 16, 17, 19, 21, 24, 25, 32, 34, 37, 38, 40, 43, 44, 45, 46, 47, 48, 51, 52, 54, 2, 60, 999]"
52,"[33, 1, 98, 99, 4, 40, 73, 28, 38, 42, 34, 30, 93, 39, 17, 16, 76, 92, 94, 90, 87, 86, 95, 79, 78, 74, 91, 97, 96, 70, 100, 101, 102, 103, 104, 105, 106, 107, 109, 110, 111, 112, 71, 55, 69, 68, 3, 5, 6, 7, 9, 10, 12, 14, 19, 21, 23, 24, 25, 31, 32, 37, 43, 44, 45, 46, 47, 48, 51, 52, 54, 2, 60, 62, 66, 999]"
16,"[99, 31, 33, 28, 23, 14, 47, 97, 98, 103, 4, 78, 79, 94, 86, 87, 76, 90, 74, 73, 71, 91, 70, 92, 93, 1, 95, 96, 68, 100, 101, 102, 104, 105, 106, 107, 109, 110, 111, 112, 69, 55, 66, 16, 30, 25, 24, 21, 19, 17, 12, 62, 10, 9, 7, 6, 5, 3, 32, 34, 37, 38, 39, 40, 42, 43, 44, 45, 46, 48, 51, 52, 54, 2, 60, 999]"
369,"[31, 14, 98, 16, 101, 95, 99, 34, 33, 28, 4, 106, 91, 2, 17, 19, 51, 10, 74, 93, 92, 73, 78, 90, 76, 87, 86, 94, 79, 1, 96, 97, 70, 100, 102, 103, 104, 105, 107, 109, 110, 111, 112, 71, 55, 69, 38, 3, 5, 6, 7, 9, 12, 21, 23, 24, 25, 30, 32, 37, 39, 68, 40, 42, 43, 44, 45, 46, 47, 48, 52, 54, 60, 62, 66, 999]"
203,"[99, 4, 28, 98, 101, 23, 112, 6, 71, 42, 51, 16, 91, 90, 87, 78, 86, 79, 93, 76, 74, 73, 70, 92, 1, 94, 95, 96, 97, 68, 100, 102, 103, 104, 105, 106, 107, 109, 110, 111, 69, 55, 66, 17, 31, 30, 25, 24, 21, 19, 14, 62, 12, 10, 9, 7, 5, 3, 32, 33, 34, 37, 38, 39, 40, 43, 44, 45, 46, 47, 48, 52, 54, 2, 60, 999]"
221,"[31, 99, 14, 98, 2, 23, 1, 70, 101, 95, 96, 28, 90, 100, 87, 66, 111, 55, 25, 7, 78, 79, 86, 16, 12, 91, 92, 93, 94, 10, 9, 97, 6, 30, 5, 4, 102, 103, 104, 105, 106, 107, 109, 110, 3, 112, 76, 74, 73, 71, 24, 32, 33, 34, 37, 38, 39, 40, 42, 43, 44, 45, 46, 47, 48, 51, 52, 54, 21, 60, 62, 19, 68, 69, 17, 999]"
130,"[98, 99, 23, 31, 101, 14, 28, 70, 33, 110, 111, 100, 95, 42, 76, 62, 34, 55, 103, 106, 94, 78, 43, 90, 87, 102, 86, 112, 71, 73, 74, 109, 79, 91, 97, 107, 92, 93, 105, 104, 69, 96, 1, 68, 30, 3, 4, 5, 6, 7, 9, 10, 12, 16, 17, 19, 21, 24, 25, 32, 66, 37, 38, 39, 40, 44, 45, 46, 47, 48, 51, 52, 54, 2, 60, 999]"
197,"[31, 14, 98, 16, 95, 99, 33, 3, 34, 4, 101, 28, 91, 51, 106, 19, 17, 2, 10, 74, 86, 87, 90, 79, 78, 92, 76, 93, 94, 1, 96, 97, 100, 71, 102, 103, 104, 105, 107, 109, 110, 111, 112, 73, 55, 70, 39, 5, 6, 7, 9, 12, 21, 23, 24, 25, 30, 32, 37, 38, 40, 69, 42, 43, 44, 45, 46, 47, 48, 52, 54, 60, 62, 66, 68, 999]"
320,"[99, 98, 31, 28, 101, 19, 30, 74, 14, 92, 91, 90, 86, 87, 94, 79, 78, 76, 73, 71, 70, 69, 93, 1, 95, 96, 97, 66, 100, 102, 103, 104, 105, 106, 107, 109, 110, 111, 112, 68, 55, 62, 12, 25, 24, 23, 21, 17, 16, 10, 33, 9, 7, 6, 5, 4, 3, 32, 34, 60, 46, 2, 54, 52, 51, 48, 47, 45, 37, 44, 43, 42, 40, 39, 38, 999]"
257,"[99, 98, 31, 2, 101, 66, 1, 28, 111, 74, 40, 34, 30, 55, 14, 21, 6, 76, 78, 79, 86, 87, 90, 91, 92, 93, 94, 95, 96, 97, 5, 73, 100, 4, 102, 103, 104, 105, 106, 107, 109, 110, 3, 112, 7, 71, 23, 70, 24, 25, 19, 17, 16, 32, 33, 37, 38, 39, 12, 42, 43, 44, 45, 46, 47, 48, 51, 52, 54, 10, 60, 62, 9, 68, 69, 999]"
135,"[99, 23, 33, 28, 70, 43, 46, 101, 98, 102, 69, 79, 92, 78, 76, 74, 73, 71, 86, 87, 90, 91, 1, 95, 93, 94, 66, 96, 97, 100, 103, 104, 105, 106, 107, 109, 110, 111, 112, 68, 55, 62, 12, 24, 21, 19, 17, 16, 14, 10, 30, 9, 7, 6, 5, 4, 3, 25, 31, 60, 45, 2, 54, 52, 51, 48, 47, 44, 32, 42, 40, 39, 38, 37, 34, 999]"
365,"[99, 98, 101, 111, 70, 33, 34, 110, 28, 14, 23, 100, 103, 62, 43, 95, 90, 47, 87, 78, 76, 42, 73, 32, 71, 106, 16, 96, 86, 112, 109, 74, 107, 79, 105, 94, 104, 91, 92, 102, 97, 93, 1, 55, 69, 68, 3, 4, 5, 6, 7, 9, 10, 12, 17, 19, 21, 24, 25, 30, 31, 37, 38, 39, 40, 44, 45, 46, 48, 51, 52, 54, 2, 60, 66, 999]"
381,"[23, 98, 99, 31, 14, 28, 48, 101, 33, 70, 55, 110, 111, 42, 76, 95, 62, 34, 40, 90, 43, 87, 106, 78, 86, 73, 74, 91, 92, 79, 96, 93, 94, 97, 100, 102, 103, 104, 105, 107, 109, 112, 71, 1, 69, 68, 3, 4, 5, 6, 7, 9, 10, 12, 16, 17, 19, 21, 24, 25, 30, 32, 37, 38, 39, 44, 45, 46, 47, 51, 52, 54, 2, 60, 66, 999]"
354,"[98, 23, 99, 31, 14, 70, 28, 101, 111, 110, 42, 33, 62, 95, 34, 55, 43, 97, 106, 76, 78, 87, 90, 91, 112, 71, 73, 74, 79, 86, 100, 102, 109, 92, 93, 94, 107, 105, 69, 104, 103, 96, 1, 68, 30, 3, 4, 5, 6, 7, 9, 10, 12, 16, 17, 19, 21, 24, 25, 32, 66, 37, 38, 39, 40, 44, 45, 46, 47, 48, 51, 52, 54, 2, 60, 999]"
359,"[99, 98, 23, 2, 70, 4, 101, 111, 68, 28, 1, 90, 87, 86, 76, 79, 78, 92, 74, 73, 71, 69, 91, 96, 93, 94, 95, 62, 97, 100, 102, 103, 104, 105, 106, 107, 109, 110, 112, 66, 55, 60, 14, 25, 24, 21, 19, 17, 16, 12, 31, 10, 9, 7, 6, 5, 3, 30, 32, 54, 44, 52, 51, 48, 47, 46, 45, 43, 33, 42, 40, 39, 38, 37, 34, 999]"
182,"[99, 90, 101, 42, 87, 112, 94, 98, 23, 48, 14, 103, 97, 999, 16, 107, 54, 69, 102, 73, 74, 71, 76, 78, 70, 79, 86, 96, 91, 92, 93, 95, 66, 100, 104, 105, 106, 109, 110, 111, 68, 1, 62, 12, 28, 25, 24, 21, 19, 17, 10, 60, 9, 7, 6, 5, 4, 3, 30, 31, 32, 33, 34, 37, 38, 39, 40, 43, 44, 45, 46, 47, 51, 52, 2, 55]"
249,"[98, 31, 14, 99, 101, 95, 79, 71, 33, 46, 97, 28, 100, 39, 2, 110, 4, 91, 78, 76, 74, 73, 86, 70, 87, 90, 1, 96, 92, 93, 94, 68, 102, 103, 104, 105, 106, 107, 109, 111, 112, 69, 55, 66, 30, 3, 5, 6, 7, 9, 10, 12, 16, 17, 19, 21, 23, 24, 25, 32, 62, 34, 37, 38, 40, 42, 43, 44, 45, 47, 48, 51, 52, 54, 60, 999]"
154,"[99, 23, 98, 101, 14, 47, 102, 42, 43, 33, 46, 28, 95, 103, 106, 76, 71, 91, 79, 78, 74, 86, 87, 73, 70, 90, 1, 92, 93, 94, 68, 96, 97, 100, 104, 105, 107, 109, 110, 111, 112, 69, 55, 66, 30, 3, 4, 5, 6, 7, 9, 10, 12, 16, 17, 19, 21, 24, 25, 31, 62, 32, 34, 37, 38, 39, 40, 44, 45, 48, 51, 52, 54, 2, 60, 999]"
172,"[99, 31, 98, 2, 66, 101, 74, 40, 34, 1, 3, 111, 14, 30, 28, 73, 112, 76, 71, 70, 78, 79, 86, 87, 90, 91, 92, 93, 104, 94, 95, 110, 96, 69, 109, 107, 106, 100, 105, 102, 103, 97, 55, 68, 32, 4, 5, 6, 7, 9, 10, 12, 16, 17, 19, 21, 23, 24, 25, 33, 62, 37, 38, 39, 42, 43, 44, 45, 46, 47, 48, 51, 52, 54, 60, 999]"
217,"[99, 98, 101, 111, 4, 70, 34, 14, 33, 28, 71, 73, 47, 42, 95, 100, 55, 23, 16, 106, 32, 69, 104, 112, 110, 74, 76, 78, 79, 86, 87, 109, 90, 91, 102, 93, 107, 94, 103, 96, 97, 105, 92, 1, 68, 66, 3, 5, 6, 7, 9, 10, 12, 17, 19, 21, 24, 25, 30, 31, 37, 38, 39, 40, 43, 44, 45, 46, 48, 51, 52, 54, 2, 60, 62, 999]"
215,"[99, 98, 33, 23, 62, 101, 110, 28, 100, 70, 111, 73, 103, 102, 42, 43, 90, 87, 47, 78, 76, 39, 96, 16, 14, 104, 106, 95, 79, 71, 112, 109, 74, 107, 105, 86, 94, 91, 97, 92, 69, 93, 1, 55, 68, 66, 3, 4, 5, 6, 7, 9, 10, 12, 17, 19, 21, 24, 25, 30, 31, 32, 34, 37, 38, 40, 44, 45, 46, 48, 51, 52, 54, 2, 60, 999]"
388,"[98, 99, 101, 31, 100, 33, 23, 103, 76, 87, 42, 94, 28, 55, 14, 16, 102, 91, 70, 71, 73, 74, 112, 78, 79, 86, 111, 90, 92, 110, 93, 109, 95, 96, 107, 97, 68, 106, 105, 104, 69, 1, 66, 12, 30, 25, 24, 21, 19, 17, 10, 62, 9, 7, 6, 5, 4, 3, 32, 34, 37, 38, 39, 40, 43, 44, 45, 46, 47, 48, 51, 52, 54, 2, 60, 999]"
4,"[5, 28, 98, 95, 4, 40, 14, 31, 55, 103, 39, 37, 34, 99, 17, 16, 104, 94, 73, 74, 76, 78, 79, 86, 87, 90, 91, 92, 93, 96, 112, 105, 111, 110, 97, 109, 107, 106, 70, 100, 101, 102, 71, 1, 69, 68, 3, 6, 7, 9, 10, 12, 19, 21, 23, 24, 25, 30, 32, 33, 38, 42, 43, 44, 45, 46, 47, 48, 51, 52, 54, 2, 60, 62, 66, 999]"
222,"[99, 98, 23, 101, 34, 14, 31, 42, 28, 70, 33, 66, 111, 39, 74, 40, 93, 73, 71, 55, 30, 69, 100, 102, 112, 110, 109, 107, 76, 78, 79, 86, 87, 90, 97, 92, 106, 94, 105, 104, 103, 95, 96, 91, 1, 68, 25, 3, 4, 5, 6, 7, 9, 10, 12, 16, 17, 19, 21, 24, 32, 62, 37, 38, 43, 44, 45, 46, 47, 48, 51, 52, 54, 2, 60, 999]"
133,"[95, 96, 79, 111, 99, 14, 33, 4, 76, 62, 42, 98, 28, 60, 71, 78, 31, 87, 39, 70, 68, 106, 103, 69, 104, 112, 110, 109, 107, 73, 74, 105, 86, 97, 90, 91, 102, 92, 101, 93, 94, 100, 1, 55, 66, 2, 3, 5, 6, 7, 9, 10, 12, 16, 17, 19, 21, 23, 24, 25, 30, 32, 34, 37, 38, 40, 43, 44, 45, 46, 47, 48, 51, 52, 54, 999]"
290,"[98, 14, 33, 28, 23, 111, 70, 94, 55, 95, 25, 21, 100, 79, 69, 52, 99, 66, 32, 68, 109, 102, 112, 110, 71, 73, 74, 76, 78, 107, 86, 101, 90, 91, 92, 93, 106, 105, 96, 97, 104, 103, 87, 1, 62, 60, 3, 4, 5, 6, 7, 9, 10, 12, 16, 17, 19, 24, 30, 31, 34, 37, 38, 39, 40, 42, 43, 44, 45, 46, 47, 48, 51, 54, 2, 999]"
280,"[4, 98, 31, 16, 14, 99, 28, 69, 43, 44, 101, 40, 111, 92, 86, 87, 78, 90, 76, 74, 73, 71, 70, 91, 79, 1, 93, 94, 95, 96, 68, 100, 102, 103, 104, 105, 106, 107, 109, 110, 112, 97, 55, 66, 32, 3, 5, 6, 7, 9, 10, 12, 17, 19, 21, 23, 24, 25, 30, 33, 62, 34, 37, 38, 39, 42, 45, 46, 47, 48, 51, 52, 54, 2, 60, 999]"
34,"[98, 4, 101, 52, 28, 76, 33, 1, 92, 91, 90, 87, 86, 78, 79, 74, 73, 71, 70, 69, 68, 93, 95, 94, 105, 112, 111, 110, 109, 107, 106, 104, 62, 103, 102, 100, 99, 97, 96, 66, 55, 60, 14, 24, 23, 21, 19, 17, 16, 12, 30, 10, 9, 7, 6, 5, 3, 25, 31, 2, 44, 54, 51, 48, 47, 46, 45, 43, 32, 42, 40, 39, 38, 37, 34, 999]"
138,"[99, 2, 4, 28, 98, 23, 70, 46, 101, 1, 86, 91, 90, 87, 78, 79, 93, 76, 74, 73, 71, 69, 92, 96, 94, 95, 66, 97, 100, 102, 103, 104, 105, 106, 107, 109, 110, 111, 112, 68, 55, 62, 14, 25, 24, 21, 19, 17, 16, 12, 31, 10, 9, 7, 6, 5, 3, 30, 32, 60, 44, 54, 52, 51, 48, 47, 45, 43, 33, 42, 40, 39, 38, 37, 34, 999]"
306,"[99, 90, 101, 94, 87, 103, 3, 4, 69, 42, 107, 14, 98, 86, 79, 1, 78, 91, 74, 73, 71, 70, 68, 76, 96, 92, 93, 95, 62, 97, 100, 102, 104, 105, 106, 109, 110, 111, 112, 66, 55, 60, 17, 28, 25, 24, 23, 21, 19, 16, 31, 12, 10, 9, 7, 6, 5, 30, 32, 2, 45, 54, 52, 51, 48, 47, 46, 44, 33, 43, 40, 39, 38, 37, 34, 999]"
240,"[98, 14, 33, 28, 23, 111, 70, 94, 55, 95, 25, 21, 100, 79, 69, 52, 99, 66, 32, 68, 109, 102, 112, 110, 71, 73, 74, 76, 78, 107, 86, 101, 90, 91, 92, 93, 106, 105, 96, 97, 104, 103, 87, 1, 62, 60, 3, 4, 5, 6, 7, 9, 10, 12, 16, 17, 19, 24, 30, 31, 34, 37, 38, 39, 40, 42, 43, 44, 45, 46, 47, 48, 51, 54, 2, 999]"
314,"[99, 98, 33, 23, 62, 101, 110, 28, 100, 70, 111, 73, 103, 102, 42, 43, 90, 87, 47, 78, 76, 39, 96, 16, 14, 104, 106, 95, 79, 71, 112, 109, 74, 107, 105, 86, 94, 91, 97, 92, 69, 93, 1, 55, 68, 66, 3, 4, 5, 6, 7, 9, 10, 12, 17, 19, 21, 24, 25, 30, 31, 32, 34, 37, 38, 40, 44, 45, 46, 48, 51, 52, 54, 2, 60, 999]"
342,"[2, 99, 98, 23, 70, 101, 110, 33, 62, 16, 111, 28, 42, 100, 87, 48, 90, 32, 78, 14, 76, 106, 43, 79, 86, 74, 73, 91, 1, 92, 93, 94, 95, 96, 97, 102, 103, 104, 105, 107, 109, 112, 71, 55, 69, 68, 3, 4, 5, 6, 7, 9, 10, 12, 17, 19, 21, 24, 25, 30, 31, 34, 37, 38, 39, 40, 44, 45, 46, 47, 51, 52, 54, 60, 66, 999]"
145,"[99, 98, 103, 101, 4, 33, 100, 31, 94, 23, 40, 76, 14, 92, 86, 74, 79, 78, 71, 70, 87, 90, 91, 69, 73, 1, 93, 95, 96, 66, 97, 102, 104, 105, 106, 107, 109, 110, 111, 112, 68, 55, 62, 16, 28, 25, 24, 21, 19, 17, 12, 60, 10, 9, 7, 6, 5, 3, 30, 32, 34, 37, 38, 39, 42, 43, 44, 45, 46, 47, 48, 51, 52, 54, 2, 999]"
92,"[4, 98, 99, 23, 111, 78, 42, 102, 14, 33, 28, 24, 70, 101, 34, 73, 92, 47, 79, 76, 39, 55, 30, 71, 97, 90, 112, 74, 110, 109, 107, 86, 87, 106, 96, 100, 105, 93, 94, 104, 95, 103, 91, 1, 69, 68, 3, 5, 6, 7, 9, 10, 12, 16, 17, 19, 21, 25, 31, 32, 37, 38, 40, 43, 44, 45, 46, 48, 51, 52, 54, 2, 60, 62, 66, 999]"
325,"[99, 98, 111, 101, 31, 55, 32, 28, 23, 109, 102, 93, 70, 43, 34, 999, 16, 24, 9, 78, 79, 86, 87, 90, 91, 92, 10, 94, 95, 96, 97, 7, 74, 100, 6, 5, 103, 104, 105, 106, 107, 4, 110, 3, 112, 76, 73, 25, 45, 21, 30, 19, 17, 33, 37, 38, 39, 40, 42, 14, 44, 46, 71, 47, 48, 51, 52, 54, 2, 60, 62, 66, 68, 69, 12, 1]"
39,"[99, 2, 23, 70, 33, 46, 28, 43, 101, 69, 102, 98, 90, 87, 86, 1, 79, 92, 78, 76, 74, 73, 71, 91, 95, 93, 94, 66, 96, 97, 100, 103, 104, 105, 106, 107, 109, 110, 111, 112, 68, 55, 62, 12, 24, 21, 19, 17, 16, 14, 10, 60, 9, 7, 6, 5, 4, 3, 25, 30, 31, 32, 34, 37, 38, 39, 40, 42, 44, 45, 47, 48, 51, 52, 54, 999]"
101,"[4, 23, 3, 98, 47, 106, 46, 103, 14, 101, 71, 95, 78, 87, 79, 90, 86, 1, 92, 76, 74, 73, 70, 69, 91, 97, 93, 94, 96, 66, 99, 100, 102, 104, 105, 107, 109, 110, 111, 112, 68, 55, 62, 17, 30, 28, 25, 24, 21, 19, 16, 60, 12, 10, 9, 7, 6, 5, 31, 32, 33, 34, 37, 38, 39, 40, 42, 43, 44, 45, 48, 51, 52, 54, 2, 999]"
329,"[99, 98, 33, 23, 62, 101, 110, 28, 100, 70, 111, 73, 103, 102, 42, 43, 90, 87, 47, 78, 76, 39, 96, 16, 14, 104, 106, 95, 79, 71, 112, 109, 74, 107, 105, 86, 94, 91, 97, 92, 69, 93, 1, 55, 68, 66, 3, 4, 5, 6, 7, 9, 10, 12, 17, 19, 21, 24, 25, 30, 31, 32, 34, 37, 38, 40, 44, 45, 46, 48, 51, 52, 54, 2, 60, 999]"
125,"[99, 4, 23, 70, 33, 43, 28, 46, 102, 69, 98, 101, 90, 87, 1, 86, 92, 79, 78, 76, 74, 73, 71, 91, 96, 93, 94, 95, 66, 97, 100, 103, 104, 105, 106, 107, 109, 110, 111, 112, 68, 55, 62, 14, 25, 24, 21, 19, 17, 16, 12, 60, 10, 9, 7, 6, 5, 3, 30, 31, 32, 34, 37, 38, 39, 40, 42, 44, 45, 47, 48, 51, 52, 54, 2, 999]"
266,"[99, 98, 111, 101, 31, 55, 32, 28, 23, 109, 102, 93, 70, 43, 34, 999, 16, 24, 9, 78, 79, 86, 87, 90, 91, 92, 10, 94, 95, 96, 97, 7, 74, 100, 6, 5, 103, 104, 105, 106, 107, 4, 110, 3, 112, 76, 73, 25, 45, 21, 30, 19, 17, 33, 37, 38, 39, 40, 42, 14, 44, 46, 71, 47, 48, 51, 52, 54, 2, 60, 62, 66, 68, 69, 12, 1]"
368,"[99, 98, 4, 1, 31, 101, 74, 28, 19, 39, 70, 2, 71, 73, 92, 76, 78, 79, 69, 86, 87, 90, 91, 110, 94, 93, 109, 95, 96, 66, 97, 112, 111, 100, 102, 103, 104, 105, 106, 107, 68, 55, 62, 14, 25, 24, 23, 21, 17, 16, 12, 60, 10, 9, 7, 6, 5, 3, 30, 32, 33, 34, 37, 38, 40, 42, 43, 44, 45, 46, 47, 48, 51, 52, 54, 999]"
151,"[4, 3, 55, 28, 23, 16, 42, 99, 31, 106, 105, 70, 71, 73, 74, 76, 78, 79, 86, 87, 90, 91, 112, 92, 93, 94, 95, 96, 97, 98, 68, 111, 110, 100, 101, 109, 102, 103, 104, 107, 69, 1, 66, 17, 32, 30, 25, 24, 21, 19, 14, 62, 12, 10, 9, 7, 6, 5, 33, 34, 37, 38, 39, 40, 43, 44, 45, 46, 47, 48, 51, 52, 54, 2, 60, 999]"
202,"[99, 98, 111, 1, 101, 2, 31, 28, 32, 55, 999, 109, 16, 93, 34, 102, 70, 23, 107, 3, 112, 73, 74, 76, 78, 79, 86, 87, 90, 91, 92, 94, 106, 95, 96, 97, 71, 5, 100, 4, 110, 103, 104, 105, 6, 14, 68, 66, 17, 19, 21, 24, 25, 12, 30, 10, 9, 33, 37, 38, 39, 40, 42, 43, 44, 45, 46, 47, 48, 51, 52, 54, 7, 60, 62, 69]"
349,"[4, 98, 3, 52, 28, 33, 1, 86, 93, 92, 91, 90, 87, 78, 79, 76, 74, 73, 71, 70, 69, 94, 96, 95, 105, 112, 111, 110, 109, 107, 106, 104, 66, 103, 102, 101, 100, 99, 97, 68, 55, 62, 16, 25, 24, 23, 21, 19, 17, 14, 31, 12, 10, 9, 7, 6, 5, 30, 32, 60, 45, 2, 54, 51, 48, 47, 46, 44, 34, 43, 42, 40, 39, 38, 37, 999]"
59,"[99, 98, 101, 31, 28, 97, 74, 19, 1, 91, 90, 87, 86, 93, 79, 78, 76, 73, 71, 70, 69, 68, 92, 96, 94, 95, 62, 100, 102, 103, 104, 105, 106, 107, 109, 110, 111, 112, 66, 55, 60, 2, 25, 24, 23, 21, 17, 16, 14, 12, 10, 9, 7, 6, 5, 4, 3, 30, 32, 33, 45, 54, 52, 51, 48, 47, 46, 44, 34, 43, 42, 40, 39, 38, 37, 999]"
364,"[31, 99, 14, 98, 23, 4, 70, 95, 101, 87, 90, 96, 66, 28, 100, 55, 111, 102, 103, 69, 112, 71, 73, 74, 76, 78, 79, 86, 110, 91, 92, 93, 94, 109, 107, 97, 106, 105, 104, 68, 1, 62, 16, 30, 25, 24, 21, 19, 17, 12, 33, 10, 9, 7, 6, 5, 3, 32, 34, 60, 46, 2, 54, 52, 51, 48, 47, 45, 37, 44, 43, 42, 40, 39, 38, 999]"
83,"[99, 98, 23, 103, 2, 101, 42, 33, 4, 62, 14, 70, 105, 40, 94, 48, 28, 31, 55, 100, 111, 73, 91, 79, 78, 76, 86, 74, 87, 90, 97, 92, 93, 95, 96, 102, 104, 106, 107, 109, 110, 112, 71, 1, 69, 68, 3, 5, 6, 7, 9, 10, 12, 16, 17, 19, 21, 24, 25, 30, 32, 34, 37, 38, 39, 43, 44, 45, 46, 47, 51, 52, 54, 60, 66, 999]"
315,"[99, 4, 28, 23, 101, 70, 98, 46, 42, 1, 91, 90, 87, 79, 86, 93, 78, 76, 74, 73, 71, 69, 92, 96, 94, 95, 66, 97, 100, 102, 103, 104, 105, 106, 107, 109, 110, 111, 112, 68, 55, 62, 14, 25, 24, 21, 19, 17, 16, 12, 31, 10, 9, 7, 6, 5, 3, 30, 32, 60, 45, 2, 54, 52, 51, 48, 47, 44, 33, 43, 40, 39, 38, 37, 34, 999]"
103,"[98, 4, 23, 99, 111, 102, 78, 47, 14, 101, 42, 28, 24, 33, 70, 46, 79, 39, 76, 34, 73, 92, 55, 30, 106, 71, 90, 112, 74, 110, 109, 107, 86, 87, 96, 100, 97, 105, 104, 93, 94, 103, 95, 91, 1, 69, 32, 3, 5, 6, 7, 9, 10, 12, 16, 17, 19, 21, 25, 31, 37, 68, 38, 40, 43, 44, 45, 48, 51, 52, 54, 2, 60, 62, 66, 999]"
204,"[99, 23, 31, 111, 14, 98, 28, 103, 94, 2, 76, 74, 73, 93, 79, 86, 71, 70, 69, 87, 90, 91, 92, 78, 1, 95, 96, 66, 97, 100, 101, 102, 104, 105, 106, 107, 109, 110, 112, 68, 55, 62, 12, 25, 24, 21, 19, 17, 16, 10, 32, 9, 7, 6, 5, 4, 3, 30, 33, 60, 45, 54, 52, 51, 48, 47, 46, 44, 34, 43, 42, 40, 39, 38, 37, 999]"
88,"[3, 4, 98, 99, 101, 1, 78, 91, 90, 87, 86, 79, 76, 93, 74, 73, 71, 70, 69, 68, 66, 92, 96, 94, 95, 60, 97, 100, 102, 103, 104, 105, 106, 107, 109, 110, 111, 112, 62, 55, 2, 54, 28, 25, 24, 23, 21, 19, 17, 16, 14, 12, 10, 9, 7, 6, 5, 30, 31, 32, 44, 52, 51, 48, 47, 46, 45, 43, 33, 42, 40, 39, 38, 37, 34, 999]"
177,"[99, 90, 101, 94, 87, 103, 3, 4, 69, 42, 107, 14, 98, 86, 79, 1, 78, 91, 74, 73, 71, 70, 68, 76, 96, 92, 93, 95, 62, 97, 100, 102, 104, 105, 106, 109, 110, 111, 112, 66, 55, 60, 17, 28, 25, 24, 23, 21, 19, 16, 31, 12, 10, 9, 7, 6, 5, 30, 32, 2, 45, 54, 52, 51, 48, 47, 46, 44, 33, 43, 40, 39, 38, 37, 34, 999]"
18,"[4, 31, 98, 112, 28, 111, 101, 95, 99, 48, 103, 74, 2, 91, 73, 76, 71, 70, 78, 69, 79, 86, 87, 90, 1, 92, 93, 94, 66, 96, 97, 100, 102, 104, 105, 106, 107, 109, 110, 68, 55, 62, 14, 24, 23, 21, 19, 17, 16, 12, 30, 10, 9, 7, 6, 5, 3, 25, 32, 60, 44, 54, 52, 51, 47, 46, 45, 43, 33, 42, 40, 39, 38, 37, 34, 999]"
48,"[4, 3, 98, 99, 101, 1, 78, 91, 90, 87, 86, 79, 76, 93, 74, 73, 71, 70, 69, 68, 66, 92, 96, 94, 95, 60, 97, 100, 102, 103, 104, 105, 106, 107, 109, 110, 111, 112, 62, 55, 2, 54, 28, 25, 24, 23, 21, 19, 17, 16, 14, 12, 10, 9, 7, 6, 5, 30, 31, 32, 44, 52, 51, 48, 47, 46, 45, 43, 33, 42, 40, 39, 38, 37, 34, 999]"
37,"[2, 5, 4, 3, 99, 33, 1, 86, 93, 92, 91, 90, 87, 76, 79, 78, 74, 73, 71, 70, 69, 94, 96, 95, 105, 112, 111, 110, 109, 107, 106, 104, 66, 103, 102, 101, 100, 98, 97, 68, 55, 62, 17, 28, 25, 24, 23, 21, 19, 16, 31, 14, 12, 10, 9, 7, 6, 30, 32, 60, 45, 54, 52, 51, 48, 47, 46, 44, 34, 43, 42, 40, 39, 38, 37, 999]"
188,"[99, 98, 101, 111, 4, 70, 34, 14, 33, 28, 71, 73, 47, 42, 95, 100, 55, 23, 16, 106, 32, 69, 104, 112, 110, 74, 76, 78, 79, 86, 87, 109, 90, 91, 102, 93, 107, 94, 103, 96, 97, 105, 92, 1, 68, 66, 3, 5, 6, 7, 9, 10, 12, 17, 19, 21, 24, 25, 30, 31, 37, 38, 39, 40, 43, 44, 45, 46, 48, 51, 52, 54, 2, 60, 62, 999]"
160,"[99, 31, 98, 2, 66, 101, 74, 40, 34, 1, 3, 111, 14, 30, 28, 73, 112, 76, 71, 70, 78, 79, 86, 87, 90, 91, 92, 93, 104, 94, 95, 110, 96, 69, 109, 107, 106, 100, 105, 102, 103, 97, 55, 68, 32, 4, 5, 6, 7, 9, 10, 12, 16, 17, 19, 21, 23, 24, 25, 33, 62, 37, 38, 39, 42, 43, 44, 45, 46, 47, 48, 51, 52, 54, 60, 999]"
317,"[99, 98, 111, 101, 31, 55, 32, 28, 23, 109, 102, 93, 70, 43, 34, 999, 16, 24, 9, 78, 79, 86, 87, 90, 91, 92, 10, 94, 95, 96, 97, 7, 74, 100, 6, 5, 103, 104, 105, 106, 107, 4, 110, 3, 112, 76, 73, 25, 45, 21, 30, 19, 17, 33, 37, 38, 39, 40, 42, 14, 44, 46, 71, 47, 48, 51, 52, 54, 2, 60, 62, 66, 68, 69, 12, 1]"
279,"[99, 98, 111, 101, 31, 55, 32, 28, 23, 109, 102, 93, 70, 2, 34, 999, 16, 24, 9, 78, 79, 86, 87, 90, 91, 92, 10, 94, 95, 96, 97, 7, 74, 100, 6, 5, 103, 104, 105, 106, 107, 4, 110, 3, 112, 76, 73, 25, 45, 21, 30, 19, 17, 33, 37, 38, 39, 40, 42, 43, 44, 46, 71, 47, 48, 51, 52, 54, 14, 60, 62, 66, 68, 69, 12, 1]"
168,"[2, 23, 99, 31, 4, 98, 28, 14, 86, 92, 91, 90, 87, 78, 79, 94, 76, 74, 73, 71, 70, 69, 93, 1, 95, 105, 112, 111, 110, 109, 107, 106, 104, 96, 103, 102, 101, 100, 66, 97, 68, 55, 62, 16, 30, 25, 24, 21, 19, 17, 12, 60, 10, 9, 7, 6, 5, 3, 32, 33, 34, 37, 38, 39, 40, 42, 43, 44, 45, 46, 47, 48, 51, 52, 54, 999]"
246,"[99, 98, 111, 101, 31, 55, 32, 28, 23, 109, 102, 93, 70, 43, 34, 999, 16, 24, 9, 78, 79, 86, 87, 90, 91, 92, 10, 94, 95, 96, 97, 7, 74, 100, 6, 5, 103, 104, 105, 106, 107, 4, 110, 3, 112, 76, 73, 25, 45, 21, 30, 19, 17, 33, 37, 38, 39, 40, 42, 14, 44, 46, 71, 47, 48, 51, 52, 54, 2, 60, 62, 66, 68, 69, 12, 1]"
239,"[31, 14, 98, 33, 16, 95, 1, 4, 99, 34, 73, 42, 93, 91, 17, 51, 10, 38, 106, 2, 30, 28, 101, 76, 86, 87, 90, 79, 78, 74, 92, 110, 94, 112, 96, 97, 109, 71, 100, 111, 102, 103, 104, 105, 107, 55, 70, 69, 3, 5, 6, 7, 9, 12, 19, 21, 23, 24, 25, 32, 37, 39, 40, 43, 44, 45, 46, 47, 48, 52, 54, 60, 62, 66, 68, 999]"
149,"[3, 98, 28, 55, 99, 23, 101, 42, 33, 31, 52, 16, 91, 90, 86, 87, 93, 79, 78, 76, 74, 73, 71, 70, 92, 97, 94, 95, 96, 68, 100, 102, 103, 104, 105, 106, 107, 109, 110, 111, 112, 69, 1, 66, 32, 4, 5, 6, 7, 9, 10, 12, 14, 17, 19, 21, 24, 25, 30, 34, 62, 37, 38, 39, 40, 43, 44, 45, 46, 47, 48, 51, 54, 2, 60, 999]"
273,"[95, 96, 79, 111, 99, 14, 33, 4, 76, 62, 42, 98, 28, 60, 71, 78, 31, 87, 39, 70, 68, 106, 103, 69, 104, 112, 110, 109, 107, 73, 74, 105, 86, 97, 90, 91, 102, 92, 101, 93, 94, 100, 1, 55, 66, 2, 3, 5, 6, 7, 9, 10, 12, 16, 17, 19, 21, 23, 24, 25, 30, 32, 34, 37, 38, 40, 43, 44, 45, 46, 47, 48, 51, 52, 54, 999]"
66,"[23, 99, 98, 70, 31, 2, 14, 1, 101, 28, 111, 6, 110, 33, 95, 62, 42, 34, 55, 76, 87, 90, 106, 68, 43, 78, 97, 79, 86, 91, 92, 93, 94, 10, 96, 30, 9, 100, 5, 102, 103, 104, 105, 107, 109, 4, 3, 112, 7, 74, 25, 73, 32, 24, 21, 37, 38, 39, 40, 19, 44, 45, 46, 47, 48, 51, 52, 54, 17, 60, 16, 66, 69, 12, 71, 999]"
258,"[98, 14, 33, 28, 23, 111, 70, 94, 55, 95, 25, 21, 100, 79, 69, 52, 99, 66, 32, 68, 109, 102, 112, 110, 71, 73, 74, 76, 78, 107, 86, 101, 90, 91, 92, 93, 106, 105, 96, 97, 104, 103, 87, 1, 62, 60, 3, 4, 5, 6, 7, 9, 10, 12, 16, 17, 19, 24, 30, 31, 34, 37, 38, 39, 40, 42, 43, 44, 45, 46, 47, 48, 51, 54, 2, 999]"
299,"[4, 98, 31, 16, 14, 99, 28, 69, 43, 44, 101, 40, 111, 92, 86, 87, 78, 90, 76, 74, 73, 71, 70, 91, 79, 1, 93, 94, 95, 96, 68, 100, 102, 103, 104, 105, 106, 107, 109, 110, 112, 97, 55, 66, 32, 3, 5, 6, 7, 9, 10, 12, 17, 19, 21, 23, 24, 25, 30, 33, 62, 34, 37, 38, 39, 42, 45, 46, 47, 48, 51, 52, 54, 2, 60, 999]"
113,"[99, 23, 33, 28, 70, 43, 46, 101, 98, 102, 69, 79, 92, 78, 76, 74, 73, 71, 86, 87, 90, 91, 1, 95, 93, 94, 66, 96, 97, 100, 103, 104, 105, 106, 107, 109, 110, 111, 112, 68, 55, 62, 12, 24, 21, 19, 17, 16, 14, 10, 30, 9, 7, 6, 5, 4, 3, 25, 31, 60, 45, 2, 54, 52, 51, 48, 47, 44, 32, 42, 40, 39, 38, 37, 34, 999]"
304,"[98, 14, 33, 28, 23, 111, 70, 94, 55, 95, 25, 21, 100, 79, 69, 52, 99, 66, 32, 68, 109, 102, 112, 110, 71, 73, 74, 76, 78, 107, 86, 101, 90, 91, 92, 93, 106, 105, 96, 97, 104, 103, 87, 1, 62, 60, 3, 4, 5, 6, 7, 9, 10, 12, 16, 17, 19, 24, 30, 31, 34, 37, 38, 39, 40, 42, 43, 44, 45, 46, 47, 48, 51, 54, 2, 999]"
196,"[23, 98, 99, 1, 28, 2, 70, 111, 110, 101, 33, 62, 42, 34, 76, 87, 43, 90, 106, 78, 55, 4, 32, 7, 86, 12, 10, 91, 92, 93, 94, 95, 96, 97, 9, 100, 14, 6, 102, 103, 104, 105, 5, 107, 109, 3, 112, 79, 16, 31, 48, 30, 37, 38, 39, 40, 25, 24, 44, 45, 46, 47, 51, 74, 52, 54, 21, 60, 19, 66, 68, 69, 17, 71, 73, 999]"
55,"[4, 99, 23, 98, 101, 28, 55, 42, 43, 33, 96, 90, 100, 102, 87, 14, 76, 92, 86, 79, 78, 74, 73, 71, 70, 91, 97, 93, 94, 95, 68, 103, 104, 105, 106, 107, 109, 110, 111, 112, 69, 1, 66, 16, 30, 25, 24, 21, 19, 17, 12, 62, 10, 9, 7, 6, 5, 3, 31, 32, 34, 37, 38, 39, 40, 44, 45, 46, 47, 48, 51, 52, 54, 2, 60, 999]"
309,"[99, 23, 33, 28, 70, 43, 46, 101, 98, 102, 69, 79, 92, 78, 76, 74, 73, 71, 86, 87, 90, 91, 1, 95, 93, 94, 66, 96, 97, 100, 103, 104, 105, 106, 107, 109, 110, 111, 112, 68, 55, 62, 12, 24, 21, 19, 17, 16, 14, 10, 30, 9, 7, 6, 5, 4, 3, 25, 31, 60, 45, 2, 54, 52, 51, 48, 47, 44, 32, 42, 40, 39, 38, 37, 34, 999]"
224,"[2, 5, 4, 98, 40, 28, 17, 16, 34, 99, 39, 79, 94, 86, 87, 90, 91, 92, 78, 76, 74, 93, 73, 71, 1, 97, 95, 96, 69, 100, 101, 102, 103, 104, 105, 106, 107, 109, 110, 111, 112, 70, 55, 68, 32, 3, 6, 7, 9, 10, 12, 14, 19, 21, 23, 24, 25, 30, 31, 33, 66, 37, 38, 42, 43, 44, 45, 46, 47, 48, 51, 52, 54, 60, 62, 999]"
272,"[99, 2, 23, 70, 33, 43, 28, 46, 69, 101, 98, 102, 4, 92, 79, 86, 78, 76, 74, 73, 71, 87, 90, 91, 1, 93, 94, 95, 68, 97, 100, 103, 104, 105, 106, 107, 109, 110, 111, 112, 96, 55, 66, 14, 25, 24, 21, 19, 17, 16, 12, 62, 10, 9, 7, 6, 5, 3, 30, 31, 32, 34, 37, 38, 39, 40, 42, 44, 45, 47, 48, 51, 52, 54, 60, 999]"
330,"[98, 14, 33, 28, 23, 111, 70, 94, 55, 95, 25, 21, 100, 79, 69, 52, 99, 66, 32, 68, 109, 102, 112, 110, 71, 73, 74, 76, 78, 107, 86, 101, 90, 91, 92, 93, 106, 105, 96, 97, 104, 103, 87, 1, 62, 60, 3, 4, 5, 6, 7, 9, 10, 12, 16, 17, 19, 24, 30, 31, 34, 37, 38, 39, 40, 42, 43, 44, 45, 46, 47, 48, 51, 54, 2, 999]"
6,"[4, 3, 66, 99, 1, 78, 92, 91, 90, 87, 86, 79, 74, 76, 94, 73, 71, 70, 69, 68, 93, 96, 95, 105, 112, 111, 110, 109, 107, 106, 104, 60, 103, 102, 101, 100, 98, 97, 62, 55, 2, 54, 28, 25, 24, 23, 21, 19, 17, 16, 14, 12, 10, 9, 7, 6, 5, 30, 31, 32, 44, 52, 51, 48, 47, 46, 45, 43, 33, 42, 40, 39, 38, 37, 34, 999]"
274,"[99, 4, 28, 98, 101, 23, 112, 6, 71, 42, 51, 16, 91, 90, 87, 78, 86, 79, 93, 76, 74, 73, 70, 92, 1, 94, 95, 96, 97, 68, 100, 102, 103, 104, 105, 106, 107, 109, 110, 111, 69, 55, 66, 17, 31, 30, 25, 24, 21, 19, 14, 62, 12, 10, 9, 7, 5, 3, 32, 33, 34, 37, 38, 39, 40, 43, 44, 45, 46, 47, 48, 52, 54, 2, 60, 999]"
355,"[4, 98, 99, 23, 111, 78, 42, 102, 14, 33, 28, 24, 70, 101, 34, 73, 92, 47, 79, 76, 39, 55, 30, 71, 97, 90, 112, 74, 110, 109, 107, 86, 87, 106, 96, 100, 105, 93, 94, 104, 95, 103, 91, 1, 69, 68, 3, 5, 6, 7, 9, 10, 12, 16, 17, 19, 21, 25, 31, 32, 37, 38, 40, 43, 44, 45, 46, 48, 51, 52, 54, 2, 60, 62, 66, 999]"
118,"[2, 1, 4, 3, 6, 78, 92, 91, 90, 87, 86, 79, 73, 76, 74, 94, 71, 70, 69, 68, 93, 96, 95, 62, 112, 111, 110, 109, 107, 106, 105, 104, 103, 102, 101, 100, 99, 98, 97, 66, 55, 60, 17, 28, 25, 24, 23, 21, 19, 16, 31, 14, 12, 10, 9, 7, 5, 30, 32, 54, 44, 52, 51, 48, 47, 46, 45, 43, 33, 42, 40, 39, 38, 37, 34, 999]"
244,"[98, 14, 33, 28, 23, 111, 70, 94, 55, 95, 25, 21, 100, 79, 69, 52, 99, 66, 32, 68, 109, 102, 112, 110, 71, 73, 74, 76, 78, 107, 86, 101, 90, 91, 92, 93, 106, 105, 96, 97, 104, 103, 87, 1, 62, 60, 3, 4, 5, 6, 7, 9, 10, 12, 16, 17, 19, 24, 30, 31, 34, 37, 38, 39, 40, 42, 43, 44, 45, 46, 47, 48, 51, 54, 2, 999]"
340,"[23, 98, 99, 1, 28, 2, 70, 111, 110, 101, 33, 62, 42, 34, 76, 87, 43, 90, 106, 78, 55, 4, 32, 7, 86, 12, 10, 91, 92, 93, 94, 95, 96, 97, 9, 100, 14, 6, 102, 103, 104, 105, 5, 107, 109, 3, 112, 79, 16, 31, 48, 30, 37, 38, 39, 40, 25, 24, 44, 45, 46, 47, 51, 74, 52, 54, 21, 60, 19, 66, 68, 69, 17, 71, 73, 999]"
231,"[98, 14, 33, 28, 23, 111, 70, 94, 55, 95, 25, 21, 100, 79, 69, 52, 99, 66, 32, 68, 109, 102, 112, 110, 71, 73, 74, 76, 78, 107, 86, 101, 90, 91, 92, 93, 106, 105, 96, 97, 104, 103, 87, 1, 62, 60, 3, 4, 5, 6, 7, 9, 10, 12, 16, 17, 19, 24, 30, 31, 34, 37, 38, 39, 40, 42, 43, 44, 45, 46, 47, 48, 51, 54, 2, 999]"
189,"[4, 2, 48, 99, 76, 91, 90, 87, 86, 79, 78, 74, 93, 73, 71, 70, 69, 68, 66, 92, 1, 94, 62, 112, 111, 110, 109, 107, 106, 105, 104, 103, 102, 101, 100, 98, 97, 96, 95, 55, 60, 54, 25, 24, 23, 21, 19, 17, 16, 14, 12, 10, 9, 7, 6, 5, 3, 28, 30, 31, 43, 52, 51, 47, 46, 45, 44, 42, 32, 40, 39, 38, 37, 34, 33, 999]"
116,"[23, 99, 98, 31, 70, 14, 101, 28, 111, 110, 33, 42, 95, 34, 62, 55, 78, 87, 90, 43, 76, 68, 106, 4, 107, 71, 112, 73, 74, 109, 79, 86, 100, 102, 91, 92, 105, 104, 93, 94, 103, 96, 97, 1, 69, 66, 3, 5, 6, 7, 9, 10, 12, 16, 17, 19, 21, 24, 25, 30, 32, 37, 38, 39, 40, 44, 45, 46, 47, 48, 51, 52, 54, 2, 60, 999]"
233,"[4, 99, 28, 55, 48, 42, 14, 16, 74, 76, 73, 94, 78, 79, 86, 87, 71, 70, 69, 90, 91, 92, 93, 97, 95, 105, 112, 111, 110, 109, 107, 106, 104, 96, 103, 102, 101, 100, 98, 66, 68, 1, 62, 17, 30, 25, 24, 23, 21, 19, 12, 60, 10, 9, 7, 6, 5, 3, 31, 32, 33, 34, 37, 38, 39, 40, 43, 44, 45, 46, 47, 51, 52, 54, 2, 999]"
79,"[99, 28, 98, 23, 33, 4, 70, 52, 46, 101, 1, 91, 90, 87, 79, 86, 93, 78, 76, 74, 73, 71, 69, 92, 96, 94, 95, 66, 97, 100, 102, 103, 104, 105, 106, 107, 109, 110, 111, 112, 68, 55, 62, 14, 25, 24, 21, 19, 17, 16, 12, 60, 10, 9, 7, 6, 5, 3, 30, 31, 32, 34, 37, 38, 39, 40, 42, 43, 44, 45, 47, 48, 51, 54, 2, 999]"
62,"[4, 2, 31, 112, 98, 111, 101, 48, 95, 28, 99, 74, 3, 92, 76, 73, 78, 71, 70, 69, 79, 86, 87, 90, 91, 1, 93, 94, 96, 66, 97, 100, 102, 103, 104, 105, 106, 107, 109, 110, 68, 55, 62, 16, 25, 24, 23, 21, 19, 17, 14, 60, 12, 10, 9, 7, 6, 5, 30, 32, 33, 34, 37, 38, 39, 40, 42, 43, 44, 45, 46, 47, 51, 52, 54, 999]"
43,"[4, 2, 101, 98, 99, 100, 103, 70, 71, 73, 74, 91, 76, 69, 68, 66, 62, 78, 79, 86, 87, 90, 1, 92, 93, 94, 60, 96, 97, 102, 104, 105, 106, 107, 109, 110, 111, 112, 95, 55, 54, 52, 25, 24, 23, 21, 19, 17, 16, 14, 12, 10, 9, 7, 6, 5, 3, 28, 30, 31, 43, 51, 48, 47, 46, 45, 44, 42, 32, 40, 39, 38, 37, 34, 33, 999]"
285,"[99, 98, 33, 23, 62, 101, 110, 28, 100, 70, 111, 73, 103, 102, 42, 43, 90, 87, 47, 78, 76, 39, 96, 16, 14, 104, 106, 95, 79, 71, 112, 109, 74, 107, 105, 86, 94, 91, 97, 92, 69, 93, 1, 55, 68, 66, 3, 4, 5, 6, 7, 9, 10, 12, 17, 19, 21, 24, 25, 30, 31, 32, 34, 37, 38, 40, 44, 45, 46, 48, 51, 52, 54, 2, 60, 999]"
218,"[2, 23, 99, 28, 98, 42, 55, 34, 70, 16, 111, 33, 76, 78, 79, 93, 87, 90, 74, 73, 71, 91, 92, 86, 96, 94, 95, 68, 97, 100, 101, 102, 103, 104, 105, 106, 107, 109, 110, 112, 69, 1, 66, 12, 25, 24, 21, 19, 17, 14, 10, 62, 9, 7, 6, 5, 4, 3, 30, 31, 32, 37, 38, 39, 40, 43, 44, 45, 46, 47, 48, 51, 52, 54, 60, 999]"
353,"[99, 31, 98, 14, 23, 101, 95, 47, 70, 71, 46, 28, 55, 103, 106, 111, 102, 87, 69, 112, 73, 74, 76, 110, 109, 78, 79, 86, 90, 100, 91, 92, 93, 94, 107, 96, 66, 97, 105, 104, 68, 1, 62, 12, 25, 24, 21, 19, 17, 16, 10, 60, 9, 7, 6, 5, 4, 3, 30, 32, 33, 34, 37, 38, 39, 40, 42, 43, 44, 45, 48, 51, 52, 54, 2, 999]"
36,"[2, 5, 28, 40, 4, 98, 99, 17, 16, 39, 78, 76, 93, 79, 86, 87, 90, 91, 74, 73, 71, 92, 70, 1, 97, 94, 105, 112, 111, 110, 109, 107, 106, 104, 95, 103, 102, 101, 100, 68, 96, 69, 55, 66, 32, 3, 6, 7, 9, 10, 12, 14, 19, 21, 23, 24, 25, 30, 31, 33, 62, 34, 37, 38, 42, 43, 44, 45, 46, 47, 48, 51, 52, 54, 60, 999]"
375,"[31, 99, 14, 98, 2, 23, 1, 70, 101, 95, 96, 28, 90, 100, 87, 66, 111, 55, 25, 7, 78, 79, 86, 16, 12, 91, 92, 93, 94, 10, 9, 97, 6, 30, 5, 4, 102, 103, 104, 105, 106, 107, 109, 110, 3, 112, 76, 74, 73, 71, 24, 32, 33, 34, 37, 38, 39, 40, 42, 43, 44, 45, 46, 47, 48, 51, 52, 54, 21, 60, 62, 19, 68, 69, 17, 999]"
248,"[99, 98, 101, 111, 4, 70, 34, 14, 33, 28, 71, 73, 47, 42, 95, 100, 55, 23, 16, 106, 32, 69, 104, 112, 110, 74, 76, 78, 79, 86, 87, 109, 90, 91, 102, 93, 107, 94, 103, 96, 97, 105, 92, 1, 68, 66, 3, 5, 6, 7, 9, 10, 12, 17, 19, 21, 24, 25, 30, 31, 37, 38, 39, 40, 43, 44, 45, 46, 48, 51, 52, 54, 2, 60, 62, 999]"
278,"[98, 31, 14, 99, 101, 95, 79, 71, 33, 46, 97, 28, 100, 39, 2, 110, 4, 91, 78, 76, 74, 73, 86, 70, 87, 90, 1, 96, 92, 93, 94, 68, 102, 103, 104, 105, 106, 107, 109, 111, 112, 69, 55, 66, 30, 3, 5, 6, 7, 9, 10, 12, 16, 17, 19, 21, 23, 24, 25, 32, 62, 34, 37, 38, 40, 42, 43, 44, 45, 47, 48, 51, 52, 54, 60, 999]"
180,"[4, 98, 31, 16, 14, 99, 28, 69, 43, 44, 101, 40, 111, 92, 86, 87, 78, 90, 76, 74, 73, 71, 70, 91, 79, 1, 93, 94, 95, 96, 68, 100, 102, 103, 104, 105, 106, 107, 109, 110, 112, 97, 55, 66, 32, 3, 5, 6, 7, 9, 10, 12, 17, 19, 21, 23, 24, 25, 30, 33, 62, 34, 37, 38, 39, 42, 45, 46, 47, 48, 51, 52, 54, 2, 60, 999]"
338,"[99, 98, 33, 23, 62, 101, 110, 28, 100, 70, 111, 73, 103, 102, 42, 43, 90, 87, 47, 78, 76, 39, 96, 16, 14, 104, 106, 95, 79, 71, 112, 109, 74, 107, 105, 86, 94, 91, 97, 92, 69, 93, 1, 55, 68, 66, 3, 4, 5, 6, 7, 9, 10, 12, 17, 19, 21, 24, 25, 30, 31, 32, 34, 37, 38, 40, 44, 45, 46, 48, 51, 52, 54, 2, 60, 999]"
156,"[99, 3, 98, 33, 14, 28, 31, 52, 73, 74, 76, 94, 79, 86, 87, 90, 71, 70, 69, 91, 92, 93, 78, 1, 95, 105, 112, 111, 110, 109, 107, 106, 104, 96, 103, 102, 101, 100, 97, 66, 68, 55, 62, 16, 25, 24, 23, 21, 19, 17, 12, 60, 10, 9, 7, 6, 5, 4, 30, 32, 34, 37, 38, 39, 40, 42, 43, 44, 45, 46, 47, 48, 51, 54, 2, 999]"
80,"[23, 98, 28, 40, 99, 101, 31, 24, 111, 4, 70, 42, 39, 43, 52, 86, 33, 71, 25, 112, 106, 92, 73, 74, 76, 78, 79, 110, 87, 90, 91, 93, 100, 94, 109, 107, 105, 95, 96, 97, 104, 103, 102, 1, 55, 69, 32, 3, 5, 6, 7, 9, 10, 12, 14, 16, 17, 19, 21, 30, 34, 68, 37, 38, 44, 45, 46, 47, 48, 51, 54, 2, 60, 62, 66, 999]"
153,"[99, 23, 33, 28, 70, 43, 46, 101, 98, 102, 69, 79, 92, 78, 76, 74, 73, 71, 86, 87, 90, 91, 1, 95, 93, 94, 66, 96, 97, 100, 103, 104, 105, 106, 107, 109, 110, 111, 112, 68, 55, 62, 12, 24, 21, 19, 17, 16, 14, 10, 30, 9, 7, 6, 5, 4, 3, 25, 31, 60, 45, 2, 54, 52, 51, 48, 47, 44, 32, 42, 40, 39, 38, 37, 34, 999]"
146,"[98, 23, 99, 3, 31, 101, 47, 103, 95, 86, 28, 46, 19, 14, 106, 74, 71, 92, 79, 78, 76, 73, 87, 90, 70, 91, 1, 93, 94, 96, 97, 68, 100, 102, 104, 105, 107, 109, 110, 111, 112, 69, 55, 66, 33, 4, 5, 6, 7, 9, 10, 12, 16, 17, 21, 24, 25, 30, 32, 34, 62, 37, 38, 39, 40, 42, 43, 44, 45, 48, 51, 52, 54, 2, 60, 999]"
13,"[4, 31, 98, 112, 28, 111, 101, 95, 99, 48, 103, 74, 2, 91, 73, 76, 71, 70, 78, 69, 79, 86, 87, 90, 1, 92, 93, 94, 66, 96, 97, 100, 102, 104, 105, 106, 107, 109, 110, 68, 55, 62, 14, 24, 23, 21, 19, 17, 16, 12, 30, 10, 9, 7, 6, 5, 3, 25, 32, 60, 44, 54, 52, 51, 47, 46, 45, 43, 33, 42, 40, 39, 38, 37, 34, 999]"
82,"[99, 98, 31, 28, 101, 45, 42, 19, 102, 74, 78, 79, 93, 76, 86, 73, 71, 70, 69, 87, 90, 91, 92, 1, 94, 95, 66, 96, 97, 100, 103, 104, 105, 106, 107, 109, 110, 111, 112, 68, 55, 62, 12, 24, 23, 21, 17, 16, 14, 10, 30, 9, 7, 6, 5, 4, 3, 25, 32, 60, 46, 2, 54, 52, 51, 48, 47, 44, 33, 43, 40, 39, 38, 37, 34, 999]"
20,"[98, 99, 101, 23, 42, 31, 28, 112, 111, 48, 16, 95, 70, 2, 62, 105, 74, 73, 1, 3, 100, 86, 71, 110, 109, 107, 76, 106, 78, 79, 87, 102, 90, 104, 91, 92, 93, 94, 103, 96, 69, 97, 55, 68, 32, 4, 5, 6, 7, 9, 10, 12, 14, 17, 19, 21, 24, 25, 30, 33, 66, 34, 37, 38, 39, 40, 43, 44, 45, 46, 47, 51, 52, 54, 60, 999]"
174,"[99, 23, 33, 28, 70, 43, 46, 101, 98, 102, 69, 79, 92, 78, 76, 74, 73, 71, 86, 87, 90, 91, 1, 95, 93, 94, 66, 96, 97, 100, 103, 104, 105, 106, 107, 109, 110, 111, 112, 68, 55, 62, 12, 24, 21, 19, 17, 16, 14, 10, 30, 9, 7, 6, 5, 4, 3, 25, 31, 60, 45, 2, 54, 52, 51, 48, 47, 44, 32, 42, 40, 39, 38, 37, 34, 999]"
54,"[2, 5, 28, 40, 4, 98, 99, 17, 16, 39, 78, 76, 93, 79, 86, 87, 90, 91, 74, 73, 71, 92, 70, 1, 97, 94, 105, 112, 111, 110, 109, 107, 106, 104, 95, 103, 102, 101, 100, 68, 96, 69, 55, 66, 32, 3, 6, 7, 9, 10, 12, 14, 19, 21, 23, 24, 25, 30, 31, 33, 62, 34, 37, 38, 42, 43, 44, 45, 46, 47, 48, 51, 52, 54, 60, 999]"
363,"[98, 3, 99, 23, 31, 101, 47, 14, 19, 46, 74, 106, 86, 28, 76, 70, 91, 90, 87, 73, 71, 93, 79, 78, 92, 1, 94, 95, 96, 97, 68, 100, 102, 103, 104, 105, 107, 109, 110, 111, 112, 69, 55, 66, 33, 4, 5, 6, 7, 9, 10, 12, 16, 17, 21, 24, 25, 30, 32, 34, 62, 37, 38, 39, 40, 42, 43, 44, 45, 48, 51, 52, 54, 2, 60, 999]"
322,"[99, 98, 33, 23, 62, 101, 110, 28, 100, 70, 111, 73, 103, 102, 42, 43, 90, 87, 47, 78, 76, 39, 96, 16, 14, 104, 106, 95, 79, 71, 112, 109, 74, 107, 105, 86, 94, 91, 97, 92, 69, 93, 1, 55, 68, 66, 3, 4, 5, 6, 7, 9, 10, 12, 17, 19, 21, 24, 25, 30, 31, 32, 34, 37, 38, 40, 44, 45, 46, 48, 51, 52, 54, 2, 60, 999]"
234,"[2, 99, 4, 28, 100, 98, 55, 107, 106, 66, 68, 69, 70, 71, 73, 74, 76, 78, 79, 86, 87, 90, 91, 92, 93, 94, 95, 62, 112, 97, 111, 110, 109, 101, 102, 103, 104, 105, 96, 1, 60, 54, 25, 24, 23, 21, 19, 17, 16, 14, 12, 10, 9, 7, 6, 5, 3, 30, 31, 32, 44, 52, 51, 48, 47, 46, 45, 43, 33, 42, 40, 39, 38, 37, 34, 999]"
297,"[99, 4, 28, 98, 101, 23, 112, 6, 71, 42, 51, 16, 91, 90, 87, 78, 86, 79, 93, 76, 74, 73, 70, 92, 1, 94, 95, 96, 97, 68, 100, 102, 103, 104, 105, 106, 107, 109, 110, 111, 69, 55, 66, 17, 31, 30, 25, 24, 21, 19, 14, 62, 12, 10, 9, 7, 5, 3, 32, 33, 34, 37, 38, 39, 40, 43, 44, 45, 46, 47, 48, 52, 54, 2, 60, 999]"
343,"[99, 98, 111, 101, 31, 55, 32, 28, 23, 109, 102, 93, 70, 43, 34, 999, 16, 24, 9, 78, 79, 86, 87, 90, 91, 92, 10, 94, 95, 96, 97, 7, 74, 100, 6, 5, 103, 104, 105, 106, 107, 4, 110, 3, 112, 76, 73, 25, 45, 21, 30, 19, 17, 33, 37, 38, 39, 40, 42, 14, 44, 46, 71, 47, 48, 51, 52, 54, 2, 60, 62, 66, 68, 69, 12, 1]"
254,"[4, 99, 28, 23, 66, 98, 86, 92, 91, 90, 87, 79, 94, 78, 76, 74, 73, 71, 70, 69, 68, 93, 1, 95, 96, 62, 100, 101, 102, 103, 104, 105, 106, 107, 109, 110, 111, 112, 97, 55, 60, 2, 30, 25, 24, 21, 19, 17, 16, 14, 12, 10, 9, 7, 6, 5, 3, 31, 32, 33, 45, 54, 52, 51, 48, 47, 46, 44, 34, 43, 42, 40, 39, 38, 37, 999]"
225,"[99, 23, 31, 111, 14, 98, 28, 103, 94, 2, 76, 74, 73, 93, 79, 86, 71, 70, 69, 87, 90, 91, 92, 78, 1, 95, 96, 66, 97, 100, 101, 102, 104, 105, 106, 107, 109, 110, 112, 68, 55, 62, 12, 25, 24, 21, 19, 17, 16, 10, 32, 9, 7, 6, 5, 4, 3, 30, 33, 60, 45, 54, 52, 51, 48, 47, 46, 44, 34, 43, 42, 40, 39, 38, 37, 999]"
230,"[4, 98, 31, 16, 14, 99, 28, 69, 43, 44, 101, 40, 111, 92, 86, 87, 78, 90, 76, 74, 73, 71, 70, 91, 79, 1, 93, 94, 95, 96, 68, 100, 102, 103, 104, 105, 106, 107, 109, 110, 112, 97, 55, 66, 32, 3, 5, 6, 7, 9, 10, 12, 17, 19, 21, 23, 24, 25, 30, 33, 62, 34, 37, 38, 39, 42, 45, 46, 47, 48, 51, 52, 54, 2, 60, 999]"
313,"[99, 23, 31, 111, 14, 98, 28, 103, 94, 2, 76, 74, 73, 93, 79, 86, 71, 70, 69, 87, 90, 91, 92, 78, 1, 95, 96, 66, 97, 100, 101, 102, 104, 105, 106, 107, 109, 110, 112, 68, 55, 62, 12, 25, 24, 21, 19, 17, 16, 10, 32, 9, 7, 6, 5, 4, 3, 30, 33, 60, 45, 54, 52, 51, 48, 47, 46, 44, 34, 43, 42, 40, 39, 38, 37, 999]"
376,"[99, 4, 98, 33, 101, 52, 28, 92, 91, 90, 87, 86, 1, 79, 93, 76, 74, 73, 71, 70, 69, 68, 78, 95, 94, 62, 96, 97, 100, 102, 103, 104, 105, 106, 107, 109, 110, 111, 112, 66, 55, 60, 14, 24, 23, 21, 19, 17, 16, 12, 30, 10, 9, 7, 6, 5, 3, 25, 31, 2, 44, 54, 51, 48, 47, 46, 45, 43, 32, 42, 40, 39, 38, 37, 34, 999]"
269,"[99, 98, 33, 23, 62, 101, 110, 28, 100, 70, 111, 73, 103, 102, 42, 43, 90, 87, 47, 78, 76, 39, 96, 16, 14, 104, 106, 95, 79, 71, 112, 109, 74, 107, 105, 86, 94, 91, 97, 92, 69, 93, 1, 55, 68, 66, 3, 4, 5, 6, 7, 9, 10, 12, 17, 19, 21, 24, 25, 30, 31, 32, 34, 37, 38, 40, 44, 45, 46, 48, 51, 52, 54, 2, 60, 999]"
386,"[31, 99, 98, 14, 101, 23, 95, 70, 87, 90, 96, 28, 100, 55, 4, 111, 102, 103, 69, 112, 71, 73, 74, 76, 78, 79, 86, 91, 92, 93, 94, 110, 109, 97, 66, 107, 106, 105, 104, 68, 1, 62, 16, 30, 25, 24, 21, 19, 17, 12, 33, 10, 9, 7, 6, 5, 3, 32, 34, 60, 46, 2, 54, 52, 51, 48, 47, 45, 37, 44, 43, 42, 40, 39, 38, 999]"
367,"[99, 98, 101, 111, 4, 70, 34, 14, 33, 28, 71, 73, 47, 42, 95, 100, 55, 23, 16, 106, 32, 69, 104, 112, 110, 74, 76, 78, 79, 86, 87, 109, 90, 91, 102, 93, 107, 94, 103, 96, 97, 105, 92, 1, 68, 66, 3, 5, 6, 7, 9, 10, 12, 17, 19, 21, 24, 25, 30, 31, 37, 38, 39, 40, 43, 44, 45, 46, 48, 51, 52, 54, 2, 60, 62, 999]"
321,"[99, 90, 101, 94, 87, 103, 3, 4, 69, 42, 107, 14, 98, 86, 79, 1, 78, 91, 74, 73, 71, 70, 68, 76, 96, 92, 93, 95, 62, 97, 100, 102, 104, 105, 106, 109, 110, 111, 112, 66, 55, 60, 17, 28, 25, 24, 23, 21, 19, 16, 31, 12, 10, 9, 7, 6, 5, 30, 32, 2, 45, 54, 52, 51, 48, 47, 46, 44, 33, 43, 40, 39, 38, 37, 34, 999]"
287,"[98, 14, 33, 28, 23, 111, 70, 94, 55, 95, 25, 21, 100, 79, 69, 52, 99, 66, 32, 68, 109, 102, 112, 110, 71, 73, 74, 76, 78, 107, 86, 101, 90, 91, 92, 93, 106, 105, 96, 97, 104, 103, 87, 1, 62, 60, 3, 4, 5, 6, 7, 9, 10, 12, 16, 17, 19, 24, 30, 31, 34, 37, 38, 39, 40, 42, 43, 44, 45, 46, 47, 48, 51, 54, 2, 999]"
219,"[4, 23, 66, 28, 48, 99, 79, 92, 91, 90, 87, 86, 78, 94, 76, 74, 73, 71, 70, 69, 68, 93, 1, 95, 105, 112, 111, 110, 109, 107, 106, 104, 62, 103, 102, 101, 100, 98, 97, 96, 55, 60, 14, 25, 24, 21, 19, 17, 16, 12, 31, 10, 9, 7, 6, 5, 3, 30, 32, 2, 44, 54, 52, 51, 47, 46, 45, 43, 33, 42, 40, 39, 38, 37, 34, 999]"
179,"[99, 98, 101, 111, 4, 70, 34, 14, 33, 28, 71, 73, 47, 42, 95, 100, 55, 23, 16, 106, 32, 69, 104, 112, 110, 74, 76, 78, 79, 86, 87, 109, 90, 91, 102, 93, 107, 94, 103, 96, 97, 105, 92, 1, 68, 66, 3, 5, 6, 7, 9, 10, 12, 17, 19, 21, 24, 25, 30, 31, 37, 38, 39, 40, 43, 44, 45, 46, 48, 51, 52, 54, 2, 60, 62, 999]"
58,"[98, 3, 99, 101, 100, 103, 76, 33, 28, 31, 52, 4, 94, 74, 78, 92, 79, 73, 71, 70, 69, 86, 87, 90, 91, 1, 93, 95, 96, 66, 97, 102, 104, 105, 106, 107, 109, 110, 111, 112, 68, 55, 62, 16, 25, 24, 23, 21, 19, 17, 14, 60, 12, 10, 9, 7, 6, 5, 30, 32, 34, 37, 38, 39, 40, 42, 43, 44, 45, 46, 47, 48, 51, 54, 2, 999]"
235,"[99, 23, 33, 28, 70, 43, 46, 101, 98, 102, 69, 79, 92, 78, 76, 74, 73, 71, 86, 87, 90, 91, 1, 95, 93, 94, 66, 96, 97, 100, 103, 104, 105, 106, 107, 109, 110, 111, 112, 68, 55, 62, 12, 24, 21, 19, 17, 16, 14, 10, 30, 9, 7, 6, 5, 4, 3, 25, 31, 60, 45, 2, 54, 52, 51, 48, 47, 44, 32, 42, 40, 39, 38, 37, 34, 999]"
208,"[99, 31, 98, 2, 66, 101, 74, 40, 34, 1, 3, 111, 14, 30, 28, 73, 112, 76, 71, 70, 78, 79, 86, 87, 90, 91, 92, 93, 104, 94, 95, 110, 96, 69, 109, 107, 106, 100, 105, 102, 103, 97, 55, 68, 32, 4, 5, 6, 7, 9, 10, 12, 16, 17, 19, 21, 23, 24, 25, 33, 62, 37, 38, 39, 42, 43, 44, 45, 46, 47, 48, 51, 52, 54, 60, 999]"
327,"[98, 99, 31, 33, 14, 28, 23, 19, 74, 45, 47, 103, 102, 101, 90, 87, 1, 86, 92, 79, 78, 76, 73, 71, 70, 91, 97, 93, 94, 95, 96, 68, 100, 104, 105, 106, 107, 109, 110, 111, 112, 69, 55, 66, 32, 3, 4, 5, 6, 7, 9, 10, 12, 16, 17, 21, 24, 25, 30, 34, 62, 37, 38, 39, 40, 42, 43, 44, 46, 48, 51, 52, 54, 2, 60, 999]"
277,"[4, 98, 31, 16, 14, 99, 28, 69, 43, 44, 101, 40, 111, 92, 86, 87, 78, 90, 76, 74, 73, 71, 70, 91, 79, 1, 93, 94, 95, 96, 68, 100, 102, 103, 104, 105, 106, 107, 109, 110, 112, 97, 55, 66, 32, 3, 5, 6, 7, 9, 10, 12, 17, 19, 21, 23, 24, 25, 30, 33, 62, 34, 37, 38, 39, 42, 45, 46, 47, 48, 51, 52, 54, 2, 60, 999]"
123,"[99, 28, 103, 42, 23, 62, 4, 94, 98, 101, 76, 43, 38, 55, 111, 100, 110, 69, 70, 71, 73, 74, 112, 78, 79, 86, 87, 90, 102, 91, 109, 92, 93, 107, 95, 68, 97, 106, 105, 104, 96, 1, 66, 14, 25, 24, 21, 19, 17, 16, 12, 60, 10, 9, 7, 6, 5, 3, 30, 31, 32, 33, 34, 37, 39, 40, 44, 45, 46, 47, 48, 51, 52, 54, 2, 999]"
68,"[4, 23, 99, 98, 42, 28, 102, 76, 43, 33, 31, 101, 55, 16, 14, 103, 111, 71, 73, 74, 112, 78, 79, 86, 87, 90, 91, 92, 93, 110, 104, 94, 95, 96, 97, 109, 69, 107, 106, 105, 100, 70, 1, 68, 34, 3, 5, 6, 7, 9, 10, 12, 17, 19, 21, 24, 25, 30, 32, 37, 66, 38, 39, 40, 44, 45, 46, 47, 48, 51, 52, 54, 2, 60, 62, 999]"
3,"[31, 14, 98, 33, 16, 95, 99, 2, 34, 73, 51, 91, 93, 30, 86, 39, 38, 76, 42, 70, 28, 17, 10, 106, 103, 109, 74, 112, 78, 79, 111, 110, 87, 90, 107, 104, 92, 100, 94, 101, 96, 105, 97, 102, 1, 55, 71, 69, 3, 4, 5, 6, 7, 9, 12, 19, 21, 23, 24, 25, 32, 37, 40, 43, 44, 45, 46, 47, 48, 52, 54, 60, 62, 66, 68, 999]"
64,"[2, 5, 98, 4, 40, 99, 28, 17, 16, 34, 39, 79, 94, 86, 87, 90, 91, 92, 78, 76, 74, 93, 73, 71, 1, 97, 95, 96, 69, 100, 101, 102, 103, 104, 105, 106, 107, 109, 110, 111, 112, 70, 55, 68, 32, 3, 6, 7, 9, 10, 12, 14, 19, 21, 23, 24, 25, 30, 31, 33, 66, 37, 38, 42, 43, 44, 45, 46, 47, 48, 51, 52, 54, 60, 62, 999]"
98,"[99, 98, 23, 3, 111, 42, 101, 102, 70, 78, 14, 33, 24, 28, 47, 86, 79, 76, 39, 34, 73, 92, 71, 30, 97, 112, 74, 110, 109, 107, 106, 87, 90, 105, 91, 104, 93, 94, 103, 95, 100, 96, 1, 55, 69, 68, 4, 5, 6, 7, 9, 10, 12, 16, 17, 19, 21, 25, 31, 32, 37, 38, 40, 43, 44, 45, 46, 48, 51, 52, 54, 2, 60, 62, 66, 999]"
223,"[99, 90, 101, 3, 94, 87, 103, 4, 69, 42, 107, 14, 98, 86, 79, 1, 78, 91, 74, 73, 71, 70, 68, 76, 96, 92, 93, 95, 62, 97, 100, 102, 104, 105, 106, 109, 110, 111, 112, 66, 55, 60, 17, 28, 25, 24, 23, 21, 19, 16, 31, 12, 10, 9, 7, 6, 5, 30, 32, 2, 45, 54, 52, 51, 48, 47, 46, 44, 33, 43, 40, 39, 38, 37, 34, 999]"
45,"[33, 5, 98, 99, 4, 28, 40, 73, 39, 38, 16, 17, 42, 34, 93, 76, 30, 78, 96, 95, 94, 74, 79, 92, 90, 87, 86, 91, 1, 97, 70, 100, 101, 102, 103, 104, 105, 106, 107, 109, 110, 111, 112, 71, 55, 69, 32, 3, 6, 7, 9, 10, 12, 14, 19, 21, 23, 24, 25, 31, 37, 68, 43, 44, 45, 46, 47, 48, 51, 52, 54, 2, 60, 62, 66, 999]"
281,"[98, 14, 33, 28, 23, 111, 70, 94, 55, 95, 25, 21, 100, 79, 69, 52, 99, 66, 32, 68, 109, 102, 112, 110, 71, 73, 74, 76, 78, 107, 86, 101, 90, 91, 92, 93, 106, 105, 96, 97, 104, 103, 87, 1, 62, 60, 3, 4, 5, 6, 7, 9, 10, 12, 16, 17, 19, 24, 30, 31, 34, 37, 38, 39, 40, 42, 43, 44, 45, 46, 47, 48, 51, 54, 2, 999]"
109,"[99, 23, 98, 4, 47, 101, 103, 95, 71, 106, 14, 46, 78, 87, 86, 79, 1, 76, 91, 74, 73, 70, 69, 90, 96, 92, 93, 94, 66, 97, 100, 102, 104, 105, 107, 109, 110, 111, 112, 68, 55, 62, 16, 28, 25, 24, 21, 19, 17, 12, 31, 10, 9, 7, 6, 5, 3, 30, 32, 60, 44, 2, 54, 52, 51, 48, 45, 43, 33, 42, 40, 39, 38, 37, 34, 999]"
67,"[2, 4, 99, 42, 28, 62, 23, 101, 76, 38, 98, 55, 111, 102, 90, 69, 112, 70, 71, 73, 74, 78, 79, 86, 87, 110, 91, 103, 109, 92, 93, 94, 95, 68, 97, 107, 106, 105, 104, 100, 96, 1, 66, 14, 25, 24, 21, 19, 17, 16, 12, 60, 10, 9, 7, 6, 5, 3, 30, 31, 32, 33, 34, 37, 39, 40, 43, 44, 45, 46, 47, 48, 51, 52, 54, 999]"
282,"[98, 14, 33, 28, 23, 111, 70, 94, 55, 95, 25, 21, 100, 79, 69, 52, 99, 66, 32, 68, 109, 102, 112, 110, 71, 73, 74, 76, 78, 107, 86, 101, 90, 91, 92, 93, 106, 105, 96, 97, 104, 103, 87, 1, 62, 60, 3, 4, 5, 6, 7, 9, 10, 12, 16, 17, 19, 24, 30, 31, 34, 37, 38, 39, 40, 42, 43, 44, 45, 46, 47, 48, 51, 54, 2, 999]"
259,"[98, 14, 33, 28, 23, 111, 70, 94, 55, 95, 25, 21, 100, 79, 69, 52, 99, 66, 32, 68, 109, 102, 112, 110, 71, 73, 74, 76, 78, 107, 86, 101, 90, 91, 92, 93, 106, 105, 96, 97, 104, 103, 87, 1, 62, 60, 3, 4, 5, 6, 7, 9, 10, 12, 16, 17, 19, 24, 30, 31, 34, 37, 38, 39, 40, 42, 43, 44, 45, 46, 47, 48, 51, 54, 2, 999]"
19,"[4, 2, 5, 28, 1, 98, 103, 78, 91, 90, 87, 86, 79, 76, 93, 74, 73, 71, 70, 69, 68, 92, 96, 94, 105, 112, 111, 110, 109, 107, 106, 104, 95, 102, 101, 100, 99, 97, 62, 66, 55, 60, 16, 25, 24, 23, 21, 19, 17, 14, 31, 12, 10, 9, 7, 6, 3, 30, 32, 54, 44, 52, 51, 48, 47, 46, 45, 43, 33, 42, 40, 39, 38, 37, 34, 999]"
333,"[98, 31, 14, 99, 101, 95, 79, 71, 33, 46, 97, 28, 100, 39, 2, 110, 4, 91, 78, 76, 74, 73, 86, 70, 87, 90, 1, 96, 92, 93, 94, 68, 102, 103, 104, 105, 106, 107, 109, 111, 112, 69, 55, 66, 30, 3, 5, 6, 7, 9, 10, 12, 16, 17, 19, 21, 23, 24, 25, 32, 62, 34, 37, 38, 40, 42, 43, 44, 45, 47, 48, 51, 52, 54, 60, 999]"
106,"[31, 99, 14, 98, 23, 3, 101, 70, 95, 87, 90, 96, 28, 100, 55, 111, 102, 110, 69, 112, 71, 73, 74, 76, 78, 79, 86, 91, 103, 92, 93, 94, 109, 107, 97, 66, 106, 105, 104, 68, 1, 62, 16, 30, 25, 24, 21, 19, 17, 12, 33, 10, 9, 7, 6, 5, 4, 32, 34, 60, 46, 2, 54, 52, 51, 48, 47, 45, 37, 44, 43, 42, 40, 39, 38, 999]"
291,"[99, 98, 111, 101, 31, 55, 32, 28, 23, 109, 102, 93, 70, 43, 34, 999, 16, 24, 9, 78, 79, 86, 87, 90, 91, 92, 10, 94, 95, 96, 97, 7, 74, 100, 6, 5, 103, 104, 105, 106, 107, 4, 110, 3, 112, 76, 73, 25, 45, 21, 30, 19, 17, 33, 37, 38, 39, 40, 42, 14, 44, 46, 71, 47, 48, 51, 52, 54, 2, 60, 62, 66, 68, 69, 12, 1]"
184,"[99, 98, 23, 2, 70, 4, 101, 111, 68, 28, 1, 90, 87, 86, 76, 79, 78, 92, 74, 73, 71, 69, 91, 96, 93, 94, 95, 62, 97, 100, 102, 103, 104, 105, 106, 107, 109, 110, 112, 66, 55, 60, 14, 25, 24, 21, 19, 17, 16, 12, 31, 10, 9, 7, 6, 5, 3, 30, 32, 54, 44, 52, 51, 48, 47, 46, 45, 43, 33, 42, 40, 39, 38, 37, 34, 999]"
346,"[99, 111, 4, 101, 98, 28, 14, 33, 70, 34, 55, 73, 95, 71, 47, 90, 87, 78, 86, 79, 92, 76, 74, 69, 91, 96, 93, 94, 66, 97, 100, 102, 103, 104, 105, 106, 107, 109, 110, 112, 68, 1, 62, 16, 25, 24, 23, 21, 19, 17, 12, 60, 10, 9, 7, 6, 5, 3, 30, 31, 32, 37, 38, 39, 40, 42, 43, 44, 45, 46, 48, 51, 52, 54, 2, 999]"
389,"[98, 23, 28, 70, 42, 34, 33, 1, 2, 52, 55, 16, 4, 73, 74, 76, 78, 79, 86, 87, 90, 91, 92, 93, 94, 95, 96, 97, 3, 99, 100, 101, 102, 103, 104, 105, 106, 107, 109, 110, 111, 112, 71, 69, 17, 68, 19, 21, 14, 24, 25, 12, 30, 31, 32, 10, 9, 37, 38, 39, 40, 7, 43, 44, 45, 46, 47, 48, 51, 6, 54, 5, 60, 62, 66, 999]"
152,"[31, 99, 14, 98, 4, 23, 3, 70, 95, 66, 28, 101, 55, 111, 103, 91, 69, 112, 71, 73, 74, 76, 78, 79, 86, 87, 90, 92, 102, 93, 94, 96, 97, 110, 109, 107, 106, 100, 105, 104, 68, 1, 62, 17, 32, 30, 25, 24, 21, 19, 16, 60, 12, 10, 9, 7, 6, 5, 33, 34, 37, 38, 39, 40, 42, 43, 44, 45, 46, 47, 48, 51, 52, 54, 2, 999]"
324,"[98, 99, 4, 3, 28, 111, 70, 33, 101, 39, 52, 112, 71, 90, 87, 86, 91, 1, 79, 78, 92, 74, 73, 69, 76, 96, 93, 94, 95, 66, 97, 100, 102, 103, 104, 105, 106, 107, 109, 110, 68, 55, 62, 16, 25, 24, 23, 21, 19, 17, 14, 60, 12, 10, 9, 7, 6, 5, 30, 31, 32, 34, 37, 38, 40, 42, 43, 44, 45, 46, 47, 48, 51, 54, 2, 999]"
380,"[31, 14, 98, 33, 16, 99, 95, 34, 101, 73, 28, 4, 93, 51, 91, 38, 2, 76, 42, 74, 30, 19, 17, 106, 10, 109, 112, 78, 79, 86, 87, 111, 90, 110, 94, 92, 107, 102, 96, 97, 105, 100, 104, 103, 1, 55, 71, 70, 3, 5, 6, 7, 9, 12, 21, 23, 24, 25, 32, 37, 39, 40, 43, 44, 45, 46, 47, 48, 52, 54, 60, 62, 66, 68, 69, 999]"
337,"[99, 31, 14, 98, 2, 23, 1, 3, 101, 70, 95, 100, 96, 28, 90, 87, 66, 111, 55, 30, 76, 79, 86, 17, 16, 91, 92, 93, 94, 12, 10, 97, 9, 7, 6, 5, 102, 103, 104, 105, 106, 107, 109, 110, 4, 112, 78, 74, 25, 73, 32, 33, 34, 37, 38, 39, 40, 42, 43, 44, 45, 46, 47, 48, 51, 52, 54, 24, 60, 62, 21, 68, 69, 19, 71, 999]"
261,"[4, 99, 28, 23, 66, 79, 92, 91, 90, 87, 86, 78, 94, 76, 74, 73, 71, 70, 69, 68, 93, 1, 95, 105, 112, 111, 110, 109, 107, 106, 104, 96, 103, 102, 101, 100, 98, 62, 97, 55, 60, 2, 30, 25, 24, 21, 19, 17, 16, 14, 12, 10, 9, 7, 6, 5, 3, 31, 32, 33, 45, 54, 52, 51, 48, 47, 46, 44, 34, 43, 42, 40, 39, 38, 37, 999]"
69,"[3, 4, 98, 52, 28, 33, 1, 86, 93, 92, 91, 90, 87, 78, 79, 76, 74, 73, 71, 70, 69, 94, 96, 95, 105, 112, 111, 110, 109, 107, 106, 104, 66, 103, 102, 101, 100, 99, 97, 68, 55, 62, 16, 25, 24, 23, 21, 19, 17, 14, 31, 12, 10, 9, 7, 6, 5, 30, 32, 60, 45, 2, 54, 51, 48, 47, 46, 44, 34, 43, 42, 40, 39, 38, 37, 999]"
65,"[33, 99, 3, 73, 28, 38, 42, 30, 76, 97, 98, 93, 92, 91, 1, 90, 86, 79, 78, 74, 71, 70, 69, 87, 96, 94, 95, 66, 100, 101, 102, 103, 104, 105, 106, 107, 109, 110, 111, 112, 68, 55, 62, 14, 24, 23, 21, 19, 17, 16, 12, 60, 10, 9, 7, 6, 5, 4, 25, 31, 32, 34, 37, 39, 40, 43, 44, 45, 46, 47, 48, 51, 52, 54, 2, 999]"
192,"[99, 33, 111, 23, 1, 98, 95, 101, 2, 71, 70, 34, 999, 4, 86, 42, 14, 6, 16, 28, 25, 87, 90, 79, 91, 92, 93, 94, 78, 7, 96, 97, 19, 5, 100, 74, 102, 103, 104, 105, 106, 107, 109, 110, 3, 112, 76, 10, 73, 9, 17, 24, 30, 31, 32, 37, 38, 39, 40, 43, 44, 45, 46, 47, 48, 51, 52, 54, 12, 60, 62, 66, 68, 69, 21, 55]"
207,"[99, 23, 31, 111, 14, 98, 28, 103, 94, 2, 76, 74, 73, 93, 79, 86, 71, 70, 69, 87, 90, 91, 92, 78, 1, 95, 96, 66, 97, 100, 101, 102, 104, 105, 106, 107, 109, 110, 112, 68, 55, 62, 12, 25, 24, 21, 19, 17, 16, 10, 32, 9, 7, 6, 5, 4, 3, 30, 33, 60, 45, 54, 52, 51, 48, 47, 46, 44, 34, 43, 42, 40, 39, 38, 37, 999]"
393,"[99, 98, 33, 23, 62, 101, 110, 28, 100, 70, 111, 73, 103, 102, 42, 43, 90, 87, 47, 78, 76, 39, 96, 16, 14, 104, 106, 95, 79, 71, 112, 109, 74, 107, 105, 86, 94, 91, 97, 92, 69, 93, 1, 55, 68, 66, 3, 4, 5, 6, 7, 9, 10, 12, 17, 19, 21, 24, 25, 30, 31, 32, 34, 37, 38, 40, 44, 45, 46, 48, 51, 52, 54, 2, 60, 999]"
205,"[99, 90, 101, 94, 87, 103, 3, 4, 69, 42, 107, 14, 98, 86, 79, 1, 78, 91, 74, 73, 71, 70, 68, 76, 96, 92, 93, 95, 62, 97, 100, 102, 104, 105, 106, 109, 110, 111, 112, 66, 55, 60, 17, 28, 25, 24, 23, 21, 19, 16, 31, 12, 10, 9, 7, 6, 5, 30, 32, 2, 45, 54, 52, 51, 48, 47, 46, 44, 33, 43, 40, 39, 38, 37, 34, 999]"
187,"[99, 23, 31, 111, 14, 98, 28, 103, 94, 2, 76, 74, 73, 93, 79, 86, 71, 70, 69, 87, 90, 91, 92, 78, 1, 95, 96, 66, 97, 100, 101, 102, 104, 105, 106, 107, 109, 110, 112, 68, 55, 62, 12, 25, 24, 21, 19, 17, 16, 10, 32, 9, 7, 6, 5, 4, 3, 30, 33, 60, 45, 54, 52, 51, 48, 47, 46, 44, 34, 43, 42, 40, 39, 38, 37, 999]"
75,"[3, 33, 99, 98, 14, 31, 28, 23, 47, 4, 78, 76, 79, 95, 86, 87, 74, 90, 91, 73, 71, 70, 92, 93, 94, 1, 96, 97, 68, 100, 101, 102, 103, 104, 105, 106, 107, 109, 110, 111, 112, 69, 55, 66, 34, 5, 6, 7, 9, 10, 12, 16, 17, 19, 21, 24, 25, 30, 32, 37, 62, 38, 39, 40, 42, 43, 44, 45, 46, 48, 51, 52, 54, 2, 60, 999]"
63,"[4, 31, 112, 98, 111, 101, 48, 95, 28, 99, 74, 2, 3, 73, 92, 76, 71, 78, 70, 69, 79, 86, 87, 90, 91, 1, 93, 94, 96, 66, 97, 100, 102, 103, 104, 105, 106, 107, 109, 110, 68, 55, 62, 16, 25, 24, 23, 21, 19, 17, 14, 60, 12, 10, 9, 7, 6, 5, 30, 32, 33, 34, 37, 38, 39, 40, 42, 43, 44, 45, 46, 47, 51, 52, 54, 999]"
362,"[99, 98, 33, 23, 62, 101, 110, 28, 100, 70, 111, 73, 103, 102, 42, 43, 90, 87, 47, 78, 76, 39, 96, 16, 14, 104, 106, 95, 79, 71, 112, 109, 74, 107, 105, 86, 94, 91, 97, 92, 69, 93, 1, 55, 68, 66, 3, 4, 5, 6, 7, 9, 10, 12, 17, 19, 21, 24, 25, 30, 31, 32, 34, 37, 38, 40, 44, 45, 46, 48, 51, 52, 54, 2, 60, 999]"
253,"[99, 33, 111, 23, 1, 98, 95, 101, 2, 71, 70, 34, 999, 4, 86, 42, 14, 6, 16, 28, 25, 87, 90, 79, 91, 92, 93, 94, 78, 7, 96, 97, 19, 5, 100, 74, 102, 103, 104, 105, 106, 107, 109, 110, 3, 112, 76, 10, 73, 9, 17, 24, 30, 31, 32, 37, 38, 39, 40, 43, 44, 45, 46, 47, 48, 51, 52, 54, 12, 60, 62, 66, 68, 69, 21, 55]"
270,"[99, 23, 98, 28, 34, 101, 14, 42, 33, 70, 39, 4, 93, 69, 73, 71, 38, 55, 111, 100, 102, 112, 74, 76, 78, 79, 86, 87, 90, 91, 92, 110, 109, 94, 107, 106, 95, 105, 104, 103, 97, 96, 1, 68, 31, 3, 5, 6, 7, 9, 10, 12, 16, 17, 19, 21, 24, 25, 30, 32, 66, 37, 40, 43, 44, 45, 46, 47, 48, 51, 52, 54, 2, 60, 62, 999]"
27,"[2, 98, 4, 16, 28, 99, 101, 87, 79, 91, 90, 86, 1, 78, 93, 76, 74, 73, 71, 70, 69, 68, 92, 96, 94, 95, 62, 97, 100, 102, 103, 104, 105, 106, 107, 109, 110, 111, 112, 66, 55, 60, 14, 25, 24, 23, 21, 19, 17, 12, 31, 10, 9, 7, 6, 5, 3, 30, 32, 54, 44, 52, 51, 48, 47, 46, 45, 43, 33, 42, 40, 39, 38, 37, 34, 999]"
331,"[99, 98, 23, 2, 70, 4, 101, 111, 68, 28, 1, 90, 87, 86, 76, 79, 78, 92, 74, 73, 71, 69, 91, 96, 93, 94, 95, 62, 97, 100, 102, 103, 104, 105, 106, 107, 109, 110, 112, 66, 55, 60, 14, 25, 24, 21, 19, 17, 16, 12, 31, 10, 9, 7, 6, 5, 3, 30, 32, 54, 44, 52, 51, 48, 47, 46, 45, 43, 33, 42, 40, 39, 38, 37, 34, 999]"
178,"[99, 90, 101, 94, 87, 103, 3, 4, 69, 42, 107, 14, 98, 86, 79, 1, 78, 91, 74, 73, 71, 70, 68, 76, 96, 92, 93, 95, 62, 97, 100, 102, 104, 105, 106, 109, 110, 111, 112, 66, 55, 60, 17, 28, 25, 24, 23, 21, 19, 16, 31, 12, 10, 9, 7, 6, 5, 30, 32, 2, 45, 54, 52, 51, 48, 47, 46, 44, 33, 43, 40, 39, 38, 37, 34, 999]"
294,"[33, 1, 3, 2, 4, 99, 73, 38, 30, 98, 42, 86, 93, 76, 87, 90, 78, 74, 91, 71, 92, 70, 79, 96, 94, 105, 112, 111, 110, 109, 107, 106, 104, 95, 103, 102, 101, 100, 97, 68, 69, 55, 66, 16, 25, 24, 23, 21, 19, 17, 14, 62, 12, 10, 9, 7, 6, 5, 28, 31, 32, 34, 37, 39, 40, 43, 44, 45, 46, 47, 48, 51, 52, 54, 60, 999]"
209,"[4, 3, 6, 98, 51, 99, 1, 78, 91, 90, 87, 86, 79, 74, 76, 93, 73, 71, 70, 69, 68, 92, 96, 94, 105, 112, 111, 110, 109, 107, 106, 104, 95, 103, 102, 101, 100, 97, 62, 66, 55, 60, 17, 28, 25, 24, 23, 21, 19, 16, 31, 14, 12, 10, 9, 7, 5, 30, 32, 2, 44, 54, 52, 48, 47, 46, 45, 43, 33, 42, 40, 39, 38, 37, 34, 999]"
311,"[99, 4, 3, 28, 98, 16, 51, 42, 101, 23, 55, 112, 6, 106, 92, 70, 71, 73, 74, 76, 78, 79, 86, 87, 90, 91, 93, 105, 94, 95, 96, 97, 68, 111, 100, 110, 109, 102, 107, 103, 104, 69, 1, 66, 33, 5, 7, 9, 10, 12, 14, 17, 19, 21, 24, 25, 30, 31, 32, 34, 62, 37, 38, 39, 40, 43, 44, 45, 46, 47, 48, 52, 54, 2, 60, 999]"
361,"[99, 23, 33, 28, 70, 43, 46, 101, 98, 102, 69, 79, 92, 78, 76, 74, 73, 71, 86, 87, 90, 91, 1, 95, 93, 94, 66, 96, 97, 100, 103, 104, 105, 106, 107, 109, 110, 111, 112, 68, 55, 62, 12, 24, 21, 19, 17, 16, 14, 10, 30, 9, 7, 6, 5, 4, 3, 25, 31, 60, 45, 2, 54, 52, 51, 48, 47, 44, 32, 42, 40, 39, 38, 37, 34, 999]"
275,"[99, 98, 33, 23, 62, 101, 110, 28, 100, 70, 111, 73, 103, 102, 42, 43, 90, 87, 47, 78, 76, 39, 96, 16, 14, 104, 106, 95, 79, 71, 112, 109, 74, 107, 105, 86, 94, 91, 97, 92, 69, 93, 1, 55, 68, 66, 3, 4, 5, 6, 7, 9, 10, 12, 17, 19, 21, 24, 25, 30, 31, 32, 34, 37, 38, 40, 44, 45, 46, 48, 51, 52, 54, 2, 60, 999]"
326,"[99, 98, 33, 23, 62, 101, 110, 28, 100, 70, 111, 73, 103, 102, 42, 43, 90, 87, 47, 78, 76, 39, 96, 16, 14, 104, 106, 95, 79, 71, 112, 109, 74, 107, 105, 86, 94, 91, 97, 92, 69, 93, 1, 55, 68, 66, 3, 4, 5, 6, 7, 9, 10, 12, 17, 19, 21, 24, 25, 30, 31, 32, 34, 37, 38, 40, 44, 45, 46, 48, 51, 52, 54, 2, 60, 999]"
167,"[98, 23, 14, 101, 34, 42, 99, 28, 4, 70, 33, 39, 74, 2, 51, 93, 95, 69, 40, 73, 71, 31, 100, 111, 102, 30, 107, 112, 110, 76, 78, 79, 109, 86, 87, 91, 90, 92, 106, 94, 105, 104, 103, 96, 97, 1, 55, 68, 25, 3, 5, 6, 7, 9, 10, 12, 16, 17, 19, 21, 24, 32, 66, 37, 38, 43, 44, 45, 46, 47, 48, 52, 54, 60, 62, 999]"
148,"[99, 3, 4, 33, 98, 14, 31, 73, 74, 76, 71, 95, 79, 86, 87, 90, 91, 70, 69, 92, 93, 94, 78, 1, 96, 66, 97, 100, 101, 102, 103, 104, 105, 106, 107, 109, 110, 111, 112, 68, 55, 62, 17, 28, 25, 24, 23, 21, 19, 16, 32, 12, 10, 9, 7, 6, 5, 30, 34, 60, 46, 2, 54, 52, 51, 48, 47, 45, 37, 44, 43, 42, 40, 39, 38, 999]"
169,"[23, 98, 99, 101, 34, 14, 42, 28, 33, 70, 39, 4, 93, 73, 69, 71, 66, 38, 55, 111, 100, 97, 112, 110, 74, 76, 78, 79, 86, 87, 90, 91, 92, 109, 107, 94, 106, 105, 95, 104, 103, 102, 96, 1, 68, 62, 3, 5, 6, 7, 9, 10, 12, 16, 17, 19, 21, 24, 25, 30, 31, 32, 37, 40, 43, 44, 45, 46, 47, 48, 51, 52, 54, 2, 60, 999]"
377,"[99, 111, 4, 101, 98, 28, 14, 33, 70, 34, 55, 73, 95, 71, 47, 90, 87, 78, 86, 79, 92, 76, 74, 69, 91, 96, 93, 94, 66, 97, 100, 102, 103, 104, 105, 106, 107, 109, 110, 112, 68, 1, 62, 16, 25, 24, 23, 21, 19, 17, 12, 60, 10, 9, 7, 6, 5, 3, 30, 31, 32, 37, 38, 39, 40, 42, 43, 44, 45, 46, 48, 51, 52, 54, 2, 999]"
117,"[4, 3, 45, 28, 99, 42, 102, 79, 91, 90, 87, 86, 1, 93, 78, 76, 74, 73, 71, 70, 69, 92, 96, 94, 105, 112, 111, 110, 109, 107, 106, 104, 95, 103, 101, 100, 98, 97, 66, 68, 55, 62, 16, 25, 24, 23, 21, 19, 17, 14, 31, 12, 10, 9, 7, 6, 5, 30, 32, 60, 46, 2, 54, 52, 51, 48, 47, 44, 33, 43, 40, 39, 38, 37, 34, 999]"
105,"[31, 14, 98, 16, 99, 95, 2, 101, 34, 33, 100, 28, 103, 51, 91, 17, 10, 106, 76, 97, 94, 79, 78, 86, 74, 73, 87, 71, 90, 1, 92, 93, 96, 69, 102, 104, 105, 107, 109, 110, 111, 112, 70, 55, 68, 66, 3, 4, 5, 6, 7, 9, 12, 19, 21, 23, 24, 25, 30, 32, 37, 38, 39, 40, 42, 43, 44, 45, 46, 47, 48, 52, 54, 60, 62, 999]"
348,"[99, 98, 111, 101, 31, 55, 32, 28, 23, 109, 102, 93, 70, 43, 34, 999, 16, 24, 9, 78, 79, 86, 87, 90, 91, 92, 10, 94, 95, 96, 97, 7, 74, 100, 6, 5, 103, 104, 105, 106, 107, 4, 110, 3, 112, 76, 73, 25, 45, 21, 30, 19, 17, 33, 37, 38, 39, 40, 42, 14, 44, 46, 71, 47, 48, 51, 52, 54, 2, 60, 62, 66, 68, 69, 12, 1]"
232,"[99, 4, 23, 70, 33, 43, 28, 46, 102, 69, 98, 101, 90, 87, 1, 86, 92, 79, 78, 76, 74, 73, 71, 91, 96, 93, 94, 95, 66, 97, 100, 103, 104, 105, 106, 107, 109, 110, 111, 112, 68, 55, 62, 14, 25, 24, 21, 19, 17, 16, 12, 60, 10, 9, 7, 6, 5, 3, 30, 31, 32, 34, 37, 38, 39, 40, 42, 44, 45, 47, 48, 51, 52, 54, 2, 999]"
139,"[4, 2, 3, 95, 38, 99, 42, 79, 91, 90, 87, 86, 76, 78, 93, 74, 73, 71, 70, 69, 92, 1, 94, 66, 112, 111, 110, 109, 107, 106, 105, 104, 103, 102, 101, 100, 98, 97, 96, 68, 55, 62, 16, 25, 24, 23, 21, 19, 17, 14, 30, 12, 10, 9, 7, 6, 5, 28, 31, 60, 45, 54, 52, 51, 48, 47, 46, 44, 32, 43, 40, 39, 37, 34, 33, 999]"
395,"[23, 98, 28, 40, 99, 101, 31, 24, 111, 4, 70, 42, 39, 43, 52, 86, 33, 71, 25, 112, 106, 92, 73, 74, 76, 78, 79, 110, 87, 90, 91, 93, 100, 94, 109, 107, 105, 95, 96, 97, 104, 103, 102, 1, 55, 69, 32, 3, 5, 6, 7, 9, 10, 12, 14, 16, 17, 19, 21, 30, 34, 68, 37, 38, 44, 45, 46, 47, 48, 51, 54, 2, 60, 62, 66, 999]"
26,"[99, 23, 4, 33, 31, 3, 112, 42, 73, 76, 98, 102, 101, 91, 90, 87, 79, 86, 93, 78, 74, 71, 70, 69, 92, 1, 94, 95, 96, 66, 97, 100, 103, 104, 105, 106, 107, 109, 110, 111, 68, 55, 62, 16, 28, 25, 24, 21, 19, 17, 14, 60, 12, 10, 9, 7, 6, 5, 30, 32, 34, 37, 38, 39, 40, 43, 44, 45, 46, 47, 48, 51, 52, 54, 2, 999]"
206,"[2, 23, 99, 31, 4, 98, 28, 14, 86, 92, 91, 90, 87, 78, 79, 94, 76, 74, 73, 71, 70, 69, 93, 1, 95, 105, 112, 111, 110, 109, 107, 106, 104, 96, 103, 102, 101, 100, 66, 97, 68, 55, 62, 16, 30, 25, 24, 21, 19, 17, 12, 60, 10, 9, 7, 6, 5, 3, 32, 33, 34, 37, 38, 39, 40, 42, 43, 44, 45, 46, 47, 48, 51, 52, 54, 999]"
89,"[99, 23, 33, 28, 70, 43, 46, 101, 98, 102, 69, 79, 92, 78, 76, 74, 73, 71, 86, 87, 90, 91, 1, 95, 93, 94, 66, 96, 97, 100, 103, 104, 105, 106, 107, 109, 110, 111, 112, 68, 55, 62, 12, 24, 21, 19, 17, 16, 14, 10, 30, 9, 7, 6, 5, 4, 3, 25, 31, 60, 45, 2, 54, 52, 51, 48, 47, 44, 32, 42, 40, 39, 38, 37, 34, 999]"
124,"[99, 23, 98, 111, 101, 28, 24, 70, 42, 4, 78, 31, 40, 102, 33, 39, 14, 71, 43, 47, 92, 86, 79, 34, 73, 30, 25, 112, 6, 76, 106, 100, 91, 110, 109, 107, 87, 90, 93, 94, 95, 105, 96, 97, 104, 103, 1, 55, 74, 69, 3, 5, 7, 9, 10, 12, 16, 17, 19, 21, 32, 37, 38, 44, 45, 46, 48, 51, 52, 54, 2, 60, 62, 66, 68, 999]"
288,"[98, 31, 14, 99, 101, 95, 79, 71, 33, 46, 97, 28, 100, 39, 2, 110, 4, 91, 78, 76, 74, 73, 86, 70, 87, 90, 1, 96, 92, 93, 94, 68, 102, 103, 104, 105, 106, 107, 109, 111, 112, 69, 55, 66, 30, 3, 5, 6, 7, 9, 10, 12, 16, 17, 19, 21, 23, 24, 25, 32, 62, 34, 37, 38, 40, 42, 43, 44, 45, 47, 48, 51, 52, 54, 60, 999]"
366,"[4, 98, 3, 52, 28, 33, 1, 86, 93, 92, 91, 90, 87, 78, 79, 76, 74, 73, 71, 70, 69, 94, 96, 95, 105, 112, 111, 110, 109, 107, 106, 104, 66, 103, 102, 101, 100, 99, 97, 68, 55, 62, 16, 25, 24, 23, 21, 19, 17, 14, 31, 12, 10, 9, 7, 6, 5, 30, 32, 60, 45, 2, 54, 51, 48, 47, 46, 44, 34, 43, 42, 40, 39, 38, 37, 999]"
120,"[31, 99, 14, 98, 23, 70, 95, 101, 66, 55, 76, 28, 111, 91, 68, 69, 112, 71, 73, 74, 78, 79, 86, 87, 90, 104, 92, 105, 94, 96, 62, 97, 110, 109, 107, 100, 106, 102, 103, 93, 1, 60, 12, 25, 24, 21, 19, 17, 16, 10, 32, 9, 7, 6, 5, 4, 3, 30, 33, 2, 45, 54, 52, 51, 48, 47, 46, 44, 34, 43, 42, 40, 39, 38, 37, 999]"
