id_cliente;data_id;id_funcionario;id_servico;valor_pago
11;2023-05-02;11;16;80
11;2023-05-02;11;14;35
11;2023-05-02;11;31;65
55;2023-05-02;8;31;58,5
55;2023-05-02;999;28;120
4;2023-05-02;14;99;45
4;2023-05-02;13;23;155
4;2023-05-02;13;40;165
24;2023-05-02;8;33;55
4;2023-05-02;14;103;20
24;2023-05-02;13;33;45
11;2023-05-02;9;98;27
27;2023-05-02;14;95;15
27;2023-05-02;8;33;55
27;2023-05-02;8;14;40
23;2023-05-03;14;99;45
23;2023-05-03;13;999;310
72;2023-05-03;9;99;45
72;2023-05-03;8;31;65
68;2023-05-03;8;31;65
11;2023-05-03;9;98;27
14;2023-05-04;14;99;45
14;2023-05-04;8;76;146
11;2023-05-04;11;31;65
11;2023-05-04;11;14;35
11;2023-05-04;11;28;120
20;2023-05-04;8;23;155
20;2023-05-04;8;69;175
20;2023-05-04;14;98;27
79;2023-05-04;9;99;45
54;2023-05-04;14;99;45
54;2023-05-04;999;28;120
80;2023-05-04;9;98;27
13;2023-05-05;14;98;27
81;2023-05-05;14;98;27
56;2023-05-05;8;23;155
82;2023-05-05;14;99;45
82;2023-05-05;11;16;90
82;2023-05-05;11;42;155
62;2023-05-05;14;98;27
6;2023-05-05;999;111;50
26;2023-05-05;13;31;65
26;2023-05-05;14;98;27
26;2023-05-05;13;14;35
33;2023-05-05;13;23;230
59;2023-05-06;14;99;45
83;2023-05-06;999;28;120
83;2023-05-06;11;47;100
83;2023-05-06;999;33;65
2;2023-05-06;8;31;65
2;2023-05-06;14;98;27
63;2023-05-06;8;16;90
63;2023-05-06;9;98;27
63;2023-05-06;8;40;165
2;2023-05-06;8;14;35
45;2023-05-06;14;98;27
60;2023-05-06;14;98;27
34;2023-05-06;11;999;250
50;2023-05-06;9;99;45
84;2023-05-06;8;74;161
23;2023-05-09;14;99;45
22;2023-05-09;13;23;155
83;2023-05-09;999;34;45
37;2023-05-09;14;99;45
37;2023-05-09;11;33;146
18;2023-05-09;9;99;45
18;2023-05-09;13;74;161
85;2023-05-09;9;95;15
11;2023-05-09;11;14;35
11;2023-05-09;11;31;65
86;2023-05-09;14;98;22,5
86;2023-05-09;9;101;22,5
11;2023-05-09;9;95;15
87;2023-05-10;9;99;45
24;2023-05-10;14;99;45
24;2023-05-10;13;33;55
40;2023-05-10;8;31;70
40;2023-05-10;999;42;70
40;2023-05-10;14;99;45
30;2023-05-10;14;99;45
25;2023-05-11;14;101;27
25;2023-05-11;13;23;175
25;2023-05-11;13;42;155
25;2023-05-11;999;28;120
25;2023-05-11;999;93;39,9
72;2023-05-11;14;98;27
72;2023-05-11;8;31;65
88;2023-05-11;999;28;120
88;2023-05-11;999;111;50
89;2023-05-11;14;99;45
53;2023-05-11;8;76;146
53;2023-05-11;999;111;50
53;2023-05-11;999;60;60
36;2023-05-11;14;99;45
19;2023-05-11;14;98;27
30;2023-05-11;999;111;50
30;2023-05-11;14;99;45
11;2023-05-12;11;31;65
11;2023-05-12;11;14;35
27;2023-05-12;13;79;175
27;2023-05-12;14;98;27
27;2023-05-12;14;94;20
62;2023-05-12;14;98;27
41;2023-05-12;14;99;45
41;2023-05-12;14;94;20
41;2023-05-12;8;23;250
90;2023-05-12;9;99;45
90;2023-05-12;9;102;35
11;2023-05-12;14;95;15
91;2023-05-12;14;99;45
91;2023-05-12;999;111;50
83;2023-05-13;13;34;45
92;2023-05-13;999;28;95
7;2023-05-13;9;99;45
92;2023-05-13;11;55;25
93;2023-05-13;14;99;45
63;2023-05-13;13;31;65
63;2023-05-13;9;98;27
64;2023-05-13;14;99;45
63;2023-05-13;13;14;35
2;2023-05-13;14;98;27
2;2023-05-13;8;31;65
29;2023-05-13;9;99;45
2;2023-05-13;8;14;40
2;2023-05-13;999;111;50
94;2023-05-13;999;28;95
94;2023-05-13;11;14;40
94;2023-05-13;11;55;25
94;2023-05-13;999;111;50
94;2023-05-13;9;94;20
94;2023-05-13;9;98;27
54;2023-05-13;9;99;45
26;2023-05-13;14;98;27
26;2023-05-13;8;31;65
26;2023-05-13;8;14;35
30;2023-05-13;11;73;147
30;2023-05-13;9;95;15
11;2023-05-16;13;16;80
11;2023-05-16;13;31;65
11;2023-05-16;13;14;35
11;2023-05-16;9;91;120
9;2023-05-16;14;99;45
9;2023-05-16;8;23;175
9;2023-05-16;8;68;195
48;2023-05-16;14;98;27
83;2023-05-17;999;34;45
24;2023-05-17;8;33;55
95;2023-05-17;14;99;45
96;2023-05-17;11;4;60
39;2023-05-17;14;99;45
39;2023-05-17;14;93;39,9
11;2023-05-18;11;14;35
11;2023-05-18;11;31;65
43;2023-05-18;8;74;162
43;2023-05-18;9;101;22,5
43;2023-05-18;14;98;22,5
43;2023-05-18;11;28;80
43;2023-05-18;999;111;35
28;2023-05-18;8;23;90
28;2023-05-18;999;23;100
28;2023-05-18;999;42;30
28;2023-05-18;13;42;100
28;2023-05-18;9;99;45
28;2023-05-18;9;92;20
56;2023-05-18;8;23;155
26;2023-05-18;13;14;35
26;2023-05-18;13;31;65
26;2023-05-18;14;99;45
97;2023-05-19;13;76;147
97;2023-05-19;9;101;22,5
97;2023-05-19;14;98;22,5
23;2023-05-19;11;31;65
23;2023-05-19;14;99;45
7;2023-05-19;9;99;45
7;2023-05-19;13;76;147
7;2023-05-19;9;99;45
48;2023-05-19;8;32;85
23;2023-05-19;14;99;45
15;2023-05-19;14;99;45
15;2023-05-19;999;62;550
27;2023-05-19;13;33;55
27;2023-05-19;13;14;40
64;2023-05-19;14;99;45
72;2023-05-19;9;98;27
72;2023-05-19;13;31;65
4;2023-05-19;14;99;45
4;2023-05-19;14;94;20
98;2023-05-20;8;16;90
98;2023-05-20;8;40;165
98;2023-05-20;999;28;120
98;2023-05-20;14;98;27
83;2023-05-20;13;73;132
60;2023-05-20;14;99;45
99;2023-05-20;9;99;45
48;2023-05-20;8;32;90
48;2023-05-20;999;111;50
62;2023-05-20;13;14;35
62;2023-05-20;11;31;55
37;2023-05-20;14;99;45
100;2023-05-20;8;31;65
100;2023-05-20;8;14;35
100;2023-05-20;8;30;25
73;2023-05-20;13;33;45
73;2023-05-20;11;28;120
73;2023-05-20;999;111;50
73;2023-05-20;14;99;45
60;2023-05-20;14;98;22,5
60;2023-05-20;9;101;22,5
45;2023-05-20;14;99;45
101;2023-05-20;9;99;45
101;2023-05-20;9;94;20
101;2023-05-20;999;28;120
101;2023-05-20;13;74;180
30;2023-05-20;14;98;27
30;2023-05-20;14;101;18
102;2023-05-20;999;28;85
102;2023-05-20;13;55;35
14;2023-05-23;8;23;155
11;2023-05-23;13;31;65
103;2023-05-24;999;28;85
103;2023-05-24;11;55;35
103;2023-05-24;14;99;45
34;2023-05-24;8;23;155
34;2023-05-24;8;42;105
83;2023-05-24;11;34;45
6;2023-05-24;999;28;120
6;2023-05-24;8;42;90
6;2023-05-24;11;55;40
36;2023-05-24;14;99;45
24;2023-05-24;13;76;147
104;2023-05-24;11;38;79,9
104;2023-05-24;14;99;40
62;2023-05-24;14;99;45
41;2023-05-24;13;43;140
41;2023-05-24;999;28;120
41;2023-05-24;14;99;45
20;2023-05-24;8;23;155
20;2023-05-24;8;68;175
13;2023-05-25;14;98;27
53;2023-05-25;8;71;297
53;2023-05-25;14;96;15
20;2023-05-25;8;21;35
20;2023-05-25;14;98;27
20;2023-05-25;14;100;7
105;2023-05-25;13;31;65
105;2023-05-25;13;14;35
105;2023-05-25;9;98;27
91;2023-05-25;14;99;45
91;2023-05-25;14;94;20
106;2023-05-26;999;28;120
41;2023-05-26;14;99;45
41;2023-05-26;14;94;20
107;2023-05-26;8;34;45
107;2023-05-26;9;98;27
108;2023-05-26;9;99;45
109;2023-05-26;999;28;120
109;2023-05-26;14;99;45
109;2023-05-26;14;97;10
110;2023-05-26;13;42;148
23;2023-05-26;14;99;45
111;2023-05-26;14;99;45
112;2023-05-26;11;28;120
112;2023-05-26;11;31;32,5
112;2023-05-26;13;31;32,5
112;2023-05-26;9;99;45
113;2023-05-26;14;99;45
83;2023-05-27;13;34;45
29;2023-05-27;9;98;27
20;2023-05-27;8;21;35
20;2023-05-27;13;14;40
20;2023-05-27;13;55;20
114;2023-05-27;13;74;144
114;2023-05-27;9;99;40
114;2023-05-27;9;94;7
61;2023-05-27;14;99;45
115;2023-05-27;8;31;65
115;2023-05-27;8;14;50
19;2023-05-27;14;101;27
19;2023-05-27;9;86;150
19;2023-05-27;9;94;20
27;2023-05-27;13;33;55
27;2023-05-27;13;14;40
27;2023-05-27;14;98;27
11;2023-05-28;9;106;60
11;2023-05-28;9;98;27
11;2023-05-30;13;31;65
11;2023-05-30;13;14;35
11;2023-05-30;14;95;15
15;2023-05-30;8;23;155
15;2023-05-30;8;42;145
15;2023-05-30;999;62;250
24;2023-05-30;14;99;40
24;2023-05-30;8;38;79,9
25;2023-05-30;14;99;45
52;2023-05-30;14;99;40
52;2023-05-30;13;38;79,9
83;2023-05-31;11;34;45
83;2023-05-31;11;14;35
94;2023-05-31;11;14;65
94;2023-05-31;14;98;27
94;2023-05-31;14;94;20
94;2023-05-31;999;111;50
62;2023-05-31;14;99;45
30;2023-05-31;14;99;45
87;2023-06-01;9;98;27
116;2023-06-01;9;86;150
11;2023-06-01;11;31;65
72;2023-06-01;9;99;45
117;2023-06-01;13;999;310
118;2023-06-02;13;31;65
118;2023-06-02;13;14;40
118;2023-06-02;9;98;27
119;2023-06-02;11;55;25
23;2023-06-02;14;99;45
119;2023-06-02;14;98;27
28;2023-06-02;8;42;138,5
28;2023-06-02;9;99;40
26;2023-06-02;13;33;55
26;2023-06-02;14;99;45
7;2023-06-03;14;99;45
7;2023-06-03;8;42;142
11;2023-06-03;11;31;65
83;2023-06-03;8;34;45
40;2023-06-03;9;99;45
120;2023-06-03;999;28;120
120;2023-06-03;11;42;136
121;2023-06-03;13;42;136
37;2023-06-03;8;23;155
37;2023-06-03;14;99;45
29;2023-06-03;9;99;45
93;2023-06-03;14;99;45
2;2023-06-03;14;98;27
63;2023-06-03;13;31;65
63;2023-06-03;13;14;35
63;2023-06-03;9;99;45
68;2023-06-03;8;31;65
18;2023-06-03;14;98;27
60;2023-06-03;13;76;156
60;2023-06-03;14;99;45
122;2023-06-03;999;47;165
122;2023-06-03;999;23;130
122;2023-06-03;8;23;130
122;2023-06-03;8;14;65
122;2023-06-03;9;101;27
33;2023-06-03;8;23;230
33;2023-06-03;999;28;120
25;2023-06-06;8;23;175
25;2023-06-06;14;101;27
25;2023-06-06;999;111;30
25;2023-06-06;8;42;165
41;2023-06-06;999;28;120
118;2023-06-06;8;14;31,5
118;2023-06-06;8;31;58,5
45;2023-06-06;14;99;45
123;2023-06-06;999;28;95
123;2023-06-06;11;55;25
28;2023-06-06;9;99;45
28;2023-06-06;8;71;155
27;2023-06-06;14;99;45
27;2023-06-06;11;33;55
13;2023-06-07;14;99;45
22;2023-06-07;8;23;155
22;2023-06-07;8;34;45
11;2023-06-07;11;14;35
11;2023-06-07;11;31;65
62;2023-06-07;14;98;27
84;2023-06-07;8;31;65
84;2023-06-07;8;30;40
62;2023-06-07;8;33;55
20;2023-06-07;14;98;27
30;2023-06-07;11;70;180
30;2023-06-07;11;14;35
30;2023-06-07;14;99;45
111;2023-06-07;8;33;55
111;2023-06-07;14;99;45
124;2023-06-07;8;55;35
124;2023-06-07;11;109;85
124;2023-06-07;14;98;27
124;2023-06-07;999;111;30
73;2023-06-08;8;16;90
34;2023-06-08;11;999;250
34;2023-06-08;9;98;27
5;2023-06-08;8;70;155
5;2023-06-08;999;28;120
24;2023-06-08;8;42;136
3;2023-06-08;999;70;185
3;2023-06-08;9;99;45
21;2023-06-09;14;99;45
21;2023-06-09;11;33;55
21;2023-06-09;999;42;80
125;2023-06-09;8;43;145
123;2023-06-09;11;31;65
123;2023-06-09;999;16;90
26;2023-06-09;8;33;55
26;2023-06-09;9;99;45
126;2023-06-09;11;38;65
11;2023-06-09;8;31;65
11;2023-06-09;8;14;35
108;2023-06-09;9;87;150
108;2023-06-09;9;101;20
20;2023-06-09;8;23;155
20;2023-06-09;8;70;165
73;2023-06-10;14;99;45
73;2023-06-10;8;71;297
73;2023-06-10;14;99;45
118;2023-06-10;11;31;58,5
118;2023-06-10;11;14;31,5
118;2023-06-10;9;98;27
2;2023-06-10;9;95;15
2;2023-06-10;8;55;35
50;2023-06-10;9;99;45
127;2023-06-10;8;23;155
127;2023-06-10;8;70;130
127;2023-06-10;999;28;120
41;2023-06-10;14;99;45
41;2023-06-10;14;94;20
25;2023-06-10;8;34;45
25;2023-06-10;9;98;27
128;2023-06-10;9;98;27
30;2023-06-10;14;101;27
30;2023-06-10;8;47;145
129;2023-06-13;14;98;27
129;2023-06-13;8;23;155
129;2023-06-13;999;62;0
129;2023-06-13;999;28;100
129;2023-06-13;14;98;27
129;2023-06-13;8;62;400
128;2023-06-13;8;31;65
36;2023-06-13;14;99;45
95;2023-06-13;14;99;45
95;2023-06-13;999;28;120
83;2023-06-13;8;34;45
118;2023-06-13;8;31;58,5
118;2023-06-13;8;14;31,5
25;2023-06-13;14;99;45
11;2023-06-14;8;16;90
11;2023-06-14;8;31;65
11;2023-06-14;8;14;35
60;2023-06-14;14;98;27
63;2023-06-14;8;16;90
63;2023-06-14;8;43;165
63;2023-06-14;14;99;45
29;2023-06-14;14;98;27
45;2023-06-15;14;98;27
26;2023-06-15;9;98;27
26;2023-06-15;8;33;55
20;2023-06-15;14;98;27
20;2023-06-15;999;33;55
20;2023-06-15;999;14;40
20;2023-06-15;14;94;7
53;2023-06-15;14;96;15
53;2023-06-15;9;106;40
53;2023-06-15;9;103;20
53;2023-06-15;9;87;60
53;2023-06-15;999;111;50
130;2023-06-15;8;33;55
131;2023-06-15;14;99;45
131;2023-06-15;8;23;175
131;2023-06-15;8;31;65
131;2023-06-15;8;14;40
131;2023-06-15;14;103;20
67;2023-06-15;8;23;155
67;2023-06-15;14;99;45
67;2023-06-15;8;14;35
7;2023-06-15;8;33;55
56;2023-06-16;8;23;155
56;2023-06-16;8;14;35
121;2023-06-16;8;23;155
121;2023-06-16;14;99;45
118;2023-06-16;9;101;22,5
118;2023-06-16;14;98;22,5
118;2023-06-16;999;110;190
25;2023-06-16;14;101;27
25;2023-06-16;8;34;45
25;2023-06-16;8;14;40
19;2023-06-16;9;91;160
19;2023-06-16;14;101;27
2;2023-06-16;14;98;27
2;2023-06-16;8;23;175
2;2023-06-16;8;31;65
2;2023-06-16;8;14;35
132;2023-06-16;14;101;27
132;2023-06-16;14;95;15
106;2023-06-16;9;98;27
106;2023-06-16;9;103;20
101;2023-06-16;8;71;280
4;2023-06-16;14;98;27
4;2023-06-16;14;103;20
133;2023-06-17;999;71;350
133;2023-06-17;9;101;27
83;2023-06-17;8;34;45
118;2023-06-17;8;31;58,5
118;2023-06-17;8;14;81
21;2023-06-17;14;98;27
118;2023-06-17;9;99;45
125;2023-06-17;9;99;45
64;2023-06-17;14;99;45
131;2023-06-20;14;98;27
9;2023-06-20;14;98;22,5
9;2023-06-20;9;101;22,5
9;2023-06-20;8;70;185
9;2023-06-20;8;23;175
131;2023-06-20;14;98;27
64;2023-06-20;14;99;45
83;2023-06-20;999;34;45
26;2023-06-20;9;99;45
26;2023-06-20;8;33;55
40;2023-06-20;9;99;45
91;2023-06-20;14;99;45
91;2023-06-20;14;103;20
118;2023-06-21;14;98;27
118;2023-06-21;999;31;65
73;2023-06-21;14;98;27
73;2023-06-21;14;98;27
73;2023-06-21;14;98;22,5
73;2023-06-21;8;70;185
73;2023-06-21;999;111;50
73;2023-06-21;9;101;22,5
87;2023-06-21;9;99;45
60;2023-06-21;14;99;45
60;2023-06-21;14;103;20
43;2023-06-21;14;98;27
43;2023-06-21;8;31;65
43;2023-06-21;999;111;50
43;2023-06-21;14;98;22,5
43;2023-06-21;9;101;22,5
134;2023-06-21;8;66;215
135;2023-06-21;14;99;45
48;2023-06-21;999;28;120
29;2023-06-21;9;98;27
77;2023-06-21;9;98;27
76;2023-06-21;9;99;45
30;2023-06-21;14;99;45
30;2023-06-21;8;33;55
30;2023-06-21;999;111;50
20;2023-06-22;14;98;27
50;2023-06-22;9;99;45
11;2023-06-22;8;31;65
11;2023-06-22;8;14;35
136;2023-06-22;9;98;22,5
136;2023-06-22;14;101;22,5
137;2023-06-22;999;28;120
108;2023-06-22;9;90;110
138;2023-06-22;8;34;45
138;2023-06-22;999;111;60
138;2023-06-22;14;99;45
45;2023-06-23;14;99;45
13;2023-06-23;14;98;27
111;2023-06-23;8;33;55
111;2023-06-23;8;23;77,5
111;2023-06-23;11;23;77,5
111;2023-06-23;9;99;45
41;2023-06-23;14;99;45
41;2023-06-23;14;103;20
24;2023-06-23;8;73;147
24;2023-06-23;8;30;20
28;2023-06-23;11;23;87,5
28;2023-06-23;11;70;110
28;2023-06-23;999;23;87,5
28;2023-06-23;999;111;50
28;2023-06-23;9;99;45
28;2023-06-23;999;30;35
139;2023-06-23;8;69;175
63;2023-06-27;8;14;35
63;2023-06-27;8;31;65
63;2023-06-27;14;98;27
20;2023-06-27;8;23;155
20;2023-06-27;8;70;175
140;2023-06-27;14;98;27
72;2023-06-27;14;99;45
141;2023-06-28;14;98;27
141;2023-06-28;999;33;50
4;2023-06-28;14;99;45
4;2023-06-28;14;103;20
49;2023-06-28;999;28;120
9;2023-06-28;8;70;175
9;2023-06-28;9;99;45
142;2023-06-28;999;111;50
36;2023-06-28;14;99;45
15;2023-06-28;11;23;77,5
15;2023-06-28;11;70;145
15;2023-06-28;999;23;77,5
15;2023-06-28;14;99;45
37;2023-06-28;8;23;155
37;2023-06-28;9;99;45
18;2023-06-28;14;98;27
83;2023-06-28;999;16;150
18;2023-06-28;14;98;27
19;2023-06-28;9;106;60
19;2023-06-28;9;98;27
83;2023-06-28;8;70;165
143;2023-06-28;14;99;45
143;2023-06-28;999;28;45
144;2023-06-29;8;42;145
144;2023-06-29;8;23;155
144;2023-06-29;14;99;45
144;2023-06-29;999;112;60
144;2023-06-29;14;97;10
73;2023-06-29;14;99;45
73;2023-06-29;8;34;45
30;2023-06-29;14;99;45
30;2023-06-29;14;99;45
121;2023-06-30;14;99;45
121;2023-06-30;8;33;55
45;2023-06-30;14;99;45
22;2023-06-30;8;23;155
22;2023-06-30;8;70;155
22;2023-06-30;14;98;27
28;2023-06-30;14;98;27
20;2023-06-30;999;14;40
20;2023-06-30;8;33;55
20;2023-06-30;14;98;27
53;2023-06-30;8;79;170
53;2023-06-30;999;28;120
53;2023-06-30;14;95;15
53;2023-06-30;14;95;15
21;2023-07-01;14;99;45
83;2023-07-01;8;34;45
67;2023-07-01;8;23;155
67;2023-07-01;8;70;145
33;2023-07-01;8;23;230
33;2023-07-01;8;40;120
25;2023-07-04;14;99;45
25;2023-07-04;13;23;175
25;2023-07-04;13;73;165
25;2023-07-04;999;28;120
25;2023-07-04;9;99;45
11;2023-07-04;8;31;65
11;2023-07-04;8;14;50
7;2023-07-05;8;62;225
7;2023-07-05;13;62;225
7;2023-07-05;999;111;100
7;2023-07-05;13;23;125
7;2023-07-05;999;23;125
7;2023-07-05;9;87;110
58;2023-07-05;14;98;27
23;2023-07-05;14;99;45
143;2023-07-05;14;99;45
145;2023-07-05;14;98;22,5
145;2023-07-05;9;101;22,5
83;2023-07-05;13;34;45
54;2023-07-05;14;99;45
145;2023-07-06;8;33;55
41;2023-07-06;14;99;45
41;2023-07-06;14;103;20
108;2023-07-06;9;90;90
36;2023-07-06;14;99;45
146;2023-07-06;14;99;45
11;2023-07-06;13;31;65
11;2023-07-06;13;14;35
146;2023-07-06;14;99;45
29;2023-07-06;14;99;45
14;2023-07-07;8;23;155
14;2023-07-07;8;43;140
14;2023-07-07;14;99;45
147;2023-07-07;13;66;215
73;2023-07-07;13;23;155
73;2023-07-07;13;34;45
44;2023-07-07;14;99;45
72;2023-07-07;9;99;45
72;2023-07-07;8;40;142
147;2023-07-07;13;66;215
7;2023-07-07;13;110;55
7;2023-07-07;9;101;27
7;2023-07-07;8;110;55
7;2023-07-07;999;110;50
53;2023-07-08;999;78;170
148;2023-07-08;9;106;60
148;2023-07-08;9;98;22,5
148;2023-07-08;14;101;22,5
53;2023-07-08;13;33;55
53;2023-07-08;14;95;15
148;2023-07-08;13;23;250
148;2023-07-08;13;42;145
149;2023-07-08;8;79;170
149;2023-07-08;999;28;120
150;2023-07-08;9;87;130
83;2023-07-08;13;34;45
90;2023-07-08;9;99;45
90;2023-07-08;13;47;165
11;2023-07-08;8;16;90
11;2023-07-08;8;31;65
11;2023-07-08;8;14;35
68;2023-07-08;8;40;150
68;2023-07-08;9;99;45
30;2023-07-08;13;70;155
30;2023-07-08;14;99;45
69;2023-07-11;14;98;27
26;2023-07-11;13;33;55
26;2023-07-11;14;98;27
149;2023-07-11;8;31;58,5
149;2023-07-11;8;14;31,5
149;2023-07-11;14;98;27
141;2023-07-11;8;23;155
141;2023-07-11;8;48;45
141;2023-07-11;14;101;27
123;2023-07-11;13;23;100
123;2023-07-11;13;42;120
123;2023-07-11;8;23;100
83;2023-07-11;8;34;45
83;2023-07-11;8;14;40
132;2023-07-11;14;101;27
25;2023-07-12;8;71;297
11;2023-07-12;13;31;65
11;2023-07-12;13;14;35
19;2023-07-13;14;99;45
52;2023-07-13;8;23;155
52;2023-07-13;8;76;135
52;2023-07-13;9;99;45
62;2023-07-13;14;98;27
62;2023-07-13;8;33;55
108;2023-07-13;9;90;90
53;2023-07-13;14;96;15
151;2023-07-13;8;14;50
84;2023-07-13;8;14;50
53;2023-07-13;8;79;170
53;2023-07-13;999;111;50
53;2023-07-13;14;95;15
53;2023-07-13;14;96;15
147;2023-07-14;13;66;215
88;2023-07-14;8;66;130
88;2023-07-14;13;32;85
88;2023-07-14;999;111;50
88;2023-07-14;999;25;40
101;2023-07-14;8;66;180
24;2023-07-14;13;33;55
152;2023-07-14;8;55;25
152;2023-07-14;999;28;95
60;2023-07-14;14;99;45
73;2023-07-14;9;95;15
73;2023-07-14;8;71;333
20;2023-07-14;13;14;40
20;2023-07-14;13;52;45
20;2023-07-14;999;28;105
87;2023-07-14;14;99;45
153;2023-07-14;9;99;45
48;2023-07-14;999;111;50
4;2023-07-14;14;99;45
4;2023-07-14;14;103;20
154;2023-07-14;8;31;65
154;2023-07-14;999;28;120
154;2023-07-14;9;99;45
7;2023-07-15;999;70;165
83;2023-07-15;8;70;160
21;2023-07-15;14;99;45
26;2023-07-15;8;33;55
26;2023-07-15;14;101;27
63;2023-07-15;8;44;155
63;2023-07-15;999;28;100
63;2023-07-15;999;16;90
63;2023-07-15;9;98;27
136;2023-07-15;9;98;37
118;2023-07-15;8;79;170
118;2023-07-15;14;101;27
118;2023-07-15;14;95;15
30;2023-07-15;8;71;297
30;2023-07-15;14;98;22,5
30;2023-07-15;9;101;22,5
30;2023-07-15;999;28;120
155;2023-07-15;999;28;120
20;2023-07-18;8;23;155
20;2023-07-18;8;70;175
20;2023-07-18;14;98;27
20;2023-07-18;14;100;7
118;2023-07-18;13;31;58,5
118;2023-07-18;13;14;31,5
118;2023-07-18;9;98;27
23;2023-07-18;14;99;45
11;2023-07-18;13;31;65
11;2023-07-18;13;14;35
77;2023-07-18;999;28;85
77;2023-07-18;13;55;35
77;2023-07-18;14;99;45
13;2023-07-19;14;98;27
68;2023-07-19;8;52;45
29;2023-07-19;9;98;27
41;2023-07-20;14;99;45
41;2023-07-20;14;103;20
156;2023-07-20;14;98;22,5
156;2023-07-20;9;101;22,5
72;2023-07-20;9;99;45
72;2023-07-20;13;40;142
19;2023-07-20;14;98;27
105;2023-07-20;14;99;45
105;2023-07-20;14;99;45
157;2023-07-21;12;2;65
118;2023-07-21;8;79;170
118;2023-07-21;14;95;15
158;2023-07-21;12;4;40
159;2023-07-21;12;2;65
37;2023-07-21;8;23;155
37;2023-07-21;14;99;45
160;2023-07-21;12;2;65
132;2023-07-21;14;99;45
18;2023-07-21;9;98;27
161;2023-07-21;12;2;65
91;2023-07-21;999;111;50
91;2023-07-21;14;99;45
162;2023-07-21;12;4;40
163;2023-07-21;12;4;40
20;2023-07-21;8;14;40
20;2023-07-21;8;33;55
63;2023-07-21;13;31;65
63;2023-07-21;9;98;27
164;2023-07-21;12;4;40
126;2023-07-21;13;42;133
126;2023-07-21;9;99;45
11;2023-07-21;8;16;90
11;2023-07-21;13;31;65
165;2023-07-21;12;2;65
138;2023-07-21;8;34;45
138;2023-07-21;8;30;20
166;2023-07-21;12;4;40
167;2023-07-21;12;2;65
168;2023-07-21;12;4;40
169;2023-07-22;12;2;65
9;2023-07-22;14;99;45
3;2023-07-22;9;99;45
3;2023-07-22;13;70;185
9;2023-07-22;8;23;175
9;2023-07-22;8;70;185
9;2023-07-22;999;111;50
3;2023-07-22;999;111;50
170;2023-07-22;12;1;30
171;2023-07-22;12;4;40
21;2023-07-22;14;98;27
21;2023-07-22;999;111;50
172;2023-07-22;12;2;65
50;2023-07-22;9;99;45
50;2023-07-22;13;14;65
173;2023-07-22;12;4;40
139;2023-07-22;13;46;175
174;2023-07-22;14;99;45
175;2023-07-22;12;4;40
87;2023-07-22;9;101;27
176;2023-07-22;14;99;45
33;2023-07-22;13;23;215
33;2023-07-22;13;31;65
177;2023-07-22;12;4;40
178;2023-07-22;12;4;40
11;2023-07-22;9;98;27
179;2023-07-22;12;2;65
176;2023-07-22;14;100;7
180;2023-07-22;12;3;40
181;2023-07-22;12;3;40
30;2023-07-22;13;70;145
30;2023-07-22;9;101;22,5
30;2023-07-22;9;98;22,5
182;2023-07-22;12;4;40
183;2023-07-22;12;4;40
184;2023-07-22;12;3;40
185;2023-07-22;12;4;40
186;2023-07-24;12;1;30
187;2023-07-24;12;4;40
25;2023-07-25;8;23;175
25;2023-07-25;8;69;155
188;2023-07-25;12;2;65
79;2023-07-25;9;98;27
11;2023-07-25;13;31;65
11;2023-07-25;13;14;35
189;2023-07-25;12;2;65
64;2023-07-26;14;99;45
83;2023-07-26;13;34;45
53;2023-07-26;8;79;170
53;2023-07-26;9;96;15
53;2023-07-26;9;95;15
84;2023-07-26;999;28;120
84;2023-07-26;9;101;22,5
84;2023-07-26;9;102;35
84;2023-07-26;14;98;22,5
36;2023-07-26;14;99;45
190;2023-07-26;12;4;40
191;2023-07-26;12;4;40
23;2023-07-26;14;98;22,5
23;2023-07-26;9;101;22,5
192;2023-07-26;12;3;40
193;2023-07-26;12;4;40
194;2023-07-26;12;2;65
26;2023-07-27;14;99;45
26;2023-07-27;8;33;55
68;2023-07-27;8;31;65
195;2023-07-27;12;2;65
196;2023-07-27;999;111;50
49;2023-07-27;999;28;120
49;2023-07-27;9;98;27
49;2023-07-27;8;23;155
49;2023-07-27;8;70;151
19;2023-07-27;14;99;45
197;2023-07-27;9;99;45
30;2023-07-27;8;33;55
198;2023-07-27;12;2;65
199;2023-07-27;999;28;120
199;2023-07-27;999;111;50
199;2023-07-27;14;98;27
118;2023-07-27;8;31;58,5
118;2023-07-27;8;14;31,5
118;2023-07-27;14;98;22,5
118;2023-07-27;9;101;22,5
200;2023-07-27;12;4;40
161;2023-07-27;12;2;65
7;2023-07-28;8;70;165
7;2023-07-28;9;101;27
7;2023-07-28;9;90;90
191;2023-07-28;12;1;30
24;2023-07-28;13;33;55
24;2023-07-28;14;99;45
11;2023-07-28;8;31;65
11;2023-07-28;8;14;35
20;2023-07-28;13;109;40
20;2023-07-28;14;98;27
4;2023-07-28;14;98;27
4;2023-07-28;14;103;20
72;2023-07-28;13;31;65
72;2023-07-28;13;14;40
72;2023-07-28;9;98;27
201;2023-07-28;8;31;65
201;2023-07-28;8;14;35
201;2023-07-28;999;28;120
201;2023-07-28;9;98;22,5
201;2023-07-28;14;101;22,5
202;2023-07-28;12;4;40
111;2023-07-28;13;33;55
111;2023-07-28;13;14;35
111;2023-07-28;14;98;27
111;2023-07-28;14;104;4
203;2023-07-28;12;2;65
204;2023-07-28;12;4;40
205;2023-07-29;12;4;40
206;2023-07-29;12;4;40
29;2023-07-29;14;99;45
29;2023-07-29;14;103;20
21;2023-07-29;14;99;45
207;2023-07-29;12;4;40
83;2023-07-29;8;34;45
208;2023-07-29;12;2;65
209;2023-07-29;12;2;65
33;2023-07-29;13;31;65
210;2023-07-29;12;2;65
144;2023-07-29;8;23;155
144;2023-07-29;8;42;145
144;2023-07-29;999;112;60
144;2023-07-29;14;99;45
211;2023-07-29;9;99;45
212;2023-07-29;12;4;40
11;2023-07-29;9;99;45
131;2023-08-01;8;14;40
131;2023-08-01;8;31;65
41;2023-08-01;14;99;45
118;2023-08-01;13;31;58,5
118;2023-08-01;13;14;31,5
11;2023-08-01;8;31;65
161;2023-08-01;12;2;65
213;2023-08-01;12;4;40
214;2023-08-01;12;4;40
215;2023-08-01;12;4;40
216;2023-08-01;12;3;40
167;2023-08-01;12;1;30
217;2023-08-02;12;2;65
218;2023-08-02;13;23;150
218;2023-08-02;8;23;150
218;2023-08-02;8;71;350
218;2023-08-02;14;95;15
41;2023-08-02;14;99;45
41;2023-08-02;14;103;20
219;2023-08-02;12;2;65
220;2023-08-02;13;23;150
220;2023-08-02;13;71;350
220;2023-08-02;999;23;150
220;2023-08-02;14;98;27
23;2023-08-02;14;99;45
23;2023-08-02;14;102;35
23;2023-08-02;13;23;155
23;2023-08-02;13;70;155
191;2023-08-02;12;1;30
221;2023-08-02;999;28;120
14;2023-08-02;8;23;155
15;2023-08-02;14;99;45
15;2023-08-02;13;23;155
15;2023-08-02;8;70;145
222;2023-08-02;12;1;30
223;2023-08-02;12;4;40
224;2023-08-03;14;99;45
197;2023-08-03;9;99;45
197;2023-08-03;9;99;45
225;2023-08-03;12;4;40
11;2023-08-03;8;14;35
11;2023-08-03;13;31;65
11;2023-08-03;9;95;15
226;2023-08-03;12;4;40
30;2023-08-03;8;33;55
30;2023-08-03;999;111;50
30;2023-08-03;14;99;45
194;2023-08-03;12;1;30
53;2023-08-03;999;111;50
53;2023-08-03;9;95;15
53;2023-08-03;8;79;170
198;2023-08-03;12;2;65
160;2023-08-04;12;1;30
43;2023-08-04;8;31;65
43;2023-08-04;999;111;60
43;2023-08-04;9;99;45
118;2023-08-04;14;98;27
118;2023-08-04;999;31;65
118;2023-08-04;999;14;40
19;2023-08-04;14;98;27
19;2023-08-04;14;104;10
189;2023-08-04;12;2;65
227;2023-08-04;12;3;40
228;2023-08-04;14;98;27
63;2023-08-04;8;31;65
63;2023-08-04;8;14;35
63;2023-08-04;9;98;27
108;2023-08-04;9;87;120
157;2023-08-04;12;2;65
229;2023-08-04;12;2;65
186;2023-08-04;12;2;65
168;2023-08-04;12;4;40
230;2023-08-04;12;3;40
231;2023-08-05;12;4;40
151;2023-08-05;13;31;65
151;2023-08-05;9;95;15
232;2023-08-05;14;99;45
233;2023-08-05;12;2;65
151;2023-08-05;13;37;25
151;2023-08-05;13;14;35
232;2023-08-05;14;102;35
62;2023-08-05;9;98;27
83;2023-08-05;999;23;175
83;2023-08-05;13;70;165
83;2023-08-05;9;101;27
83;2023-08-05;9;102;35
234;2023-08-05;12;2;65
84;2023-08-05;9;98;27
84;2023-08-05;9;100;7
200;2023-08-05;12;4;40
235;2023-08-05;14;99;45
139;2023-08-05;8;43;175
236;2023-08-05;12;3;40
237;2023-08-05;12;3;40
238;2023-08-05;12;4;40
11;2023-08-05;13;31;65
231;2023-08-05;12;4;40
239;2023-08-05;9;99;45
239;2023-08-05;13;16;90
240;2023-08-07;12;4;40
161;2023-08-07;12;2;65
11;2023-08-08;13;16;90
11;2023-08-08;13;31;65
11;2023-08-08;13;14;35
118;2023-08-08;9;95;15
118;2023-08-08;999;31;65
118;2023-08-08;999;14;35
20;2023-08-08;8;23;155
20;2023-08-08;8;70;175
20;2023-08-08;14;98;27
36;2023-08-08;14;99;45
241;2023-08-08;999;28;120
241;2023-08-08;13;66;150
241;2023-08-08;13;23;150
241;2023-08-08;8;23;150
73;2023-08-08;8;23;155
73;2023-08-08;8;70;185
73;2023-08-08;9;99;45
73;2023-08-08;999;111;50
141;2023-08-08;13;23;95
141;2023-08-08;13;40;155
210;2023-08-08;12;1;30
242;2023-08-08;12;2;65
243;2023-08-08;12;4;40
244;2023-08-09;12;4;40
87;2023-08-09;14;99;45
245;2023-08-09;12;4;40
246;2023-08-09;12;4;40
218;2023-08-09;14;95;15
218;2023-08-09;14;96;15
220;2023-08-09;9;95;15
220;2023-08-09;9;103;20
170;2023-08-09;12;1;30
247;2023-08-09;12;4;40
248;2023-08-09;12;2;65
248;2023-08-09;12;2;65
249;2023-08-09;12;3;40
250;2023-08-10;12;4;40
195;2023-08-10;12;2;65
23;2023-08-10;14;99;45
11;2023-08-10;8;14;35
11;2023-08-10;8;14;35
11;2023-08-10;8;31;65
251;2023-08-10;12;4;40
61;2023-08-10;14;99;45
43;2023-08-10;8;48;99
43;2023-08-10;999;112;60
43;2023-08-10;9;95;15
49;2023-08-10;14;95;15
29;2023-08-10;9;98;27
29;2023-08-10;9;103;20
252;2023-08-10;12;3;40
253;2023-08-10;12;3;40
254;2023-08-10;12;2;65
169;2023-08-10;12;2;65
28;2023-08-11;999;24;175
28;2023-08-11;999;111;50
28;2023-08-11;13;70;145
28;2023-08-11;14;99;45
28;2023-08-11;14;102;35
19;2023-08-11;14;98;27
224;2023-08-11;9;99;45
25;2023-08-11;8;42;165
25;2023-08-11;14;98;27
255;2023-08-11;12;3;40
256;2023-08-11;9;98;27
208;2023-08-11;12;1;30
257;2023-08-11;12;2;65
53;2023-08-11;8;79;170
53;2023-08-11;9;95;15
239;2023-08-11;9;99;45
20;2023-08-11;13;33;55
20;2023-08-11;13;14;40
20;2023-08-11;14;98;27
202;2023-08-11;12;4;0
258;2023-08-11;12;4;40
122;2023-08-11;13;23;260
122;2023-08-11;13;47;165
122;2023-08-11;14;98;27
122;2023-08-11;14;106;15
259;2023-08-11;12;4;40
167;2023-08-11;12;2;65
172;2023-08-12;12;1;30
260;2023-08-12;12;2;65
261;2023-08-12;12;2;65
11;2023-08-12;13;31;65
11;2023-08-12;13;14;35
11;2023-08-12;9;95;15
21;2023-08-12;14;99;45
262;2023-08-12;12;3;40
139;2023-08-12;8;33;55
263;2023-08-12;12;3;40
16;2023-08-12;14;98;22,5
16;2023-08-12;9;101;22,5
264;2023-08-12;12;4;28
265;2023-08-12;14;101;22,5
265;2023-08-12;9;98;22,5
266;2023-08-12;12;4;40
189;2023-08-14;12;2;65
267;2023-08-14;12;2;65
165;2023-08-14;12;2;65
187;2023-08-14;12;4;40
161;2023-08-14;12;2;65
76;2023-08-15;14;99;45
268;2023-08-15;12;4;60
76;2023-08-15;999;70;155
76;2023-08-15;999;39;155
269;2023-08-15;12;4;40
28;2023-08-15;999;28;120
28;2023-08-15;999;39;130
28;2023-08-15;9;98;27
25;2023-08-15;8;23;175
25;2023-08-15;8;70;165
25;2023-08-15;14;98;27
111;2023-08-15;14;98;27
270;2023-08-15;12;2;65
124;2023-08-15;8;55;15
124;2023-08-15;999;34;30
271;2023-08-15;12;4;40
63;2023-08-15;8;16;90
63;2023-08-15;8;69;165
63;2023-08-15;9;99;45
178;2023-08-15;12;4;40
177;2023-08-15;12;4;40
272;2023-08-15;999;23;300
272;2023-08-15;999;70;150
272;2023-08-15;9;99;45
118;2023-08-15;8;31;58,5
118;2023-08-15;8;14;31,5
118;2023-08-15;9;101;22,5
118;2023-08-15;14;98;22,5
30;2023-08-15;14;99;45
222;2023-08-15;12;2;65
33;2023-08-15;8;23;225
33;2023-08-15;8;31;65
33;2023-08-15;999;25;30
83;2023-08-16;8;34;45
141;2023-08-16;13;48;100
273;2023-08-16;14;101;27
64;2023-08-16;14;99;45
274;2023-08-16;12;2;65
198;2023-08-16;12;2;65
275;2023-08-16;12;4;40
200;2023-08-16;12;4;40
95;2023-08-17;14;99;45
95;2023-08-17;999;28;120
160;2023-08-17;12;2;65
214;2023-08-17;12;4;40
41;2023-08-17;14;99;45
41;2023-08-17;14;103;20
194;2023-08-17;12;2;65
19;2023-08-17;14;99;45
194;2023-08-17;12;2;65
60;2023-08-18;14;98;27
212;2023-08-18;12;4;40
72;2023-08-18;13;31;65
72;2023-08-18;9;99;45
23;2023-08-18;14;98;22,5
23;2023-08-18;9;101;22,5
276;2023-08-18;12;2;65
111;2023-08-18;8;23;155
277;2023-08-18;12;3;40
278;2023-08-18;12;3;40
58;2023-08-18;14;98;27
58;2023-08-18;8;33;55
279;2023-08-18;12;2;65
279;2023-08-18;9;98;27
53;2023-08-18;14;96;15
53;2023-08-18;14;95;15
161;2023-08-18;12;2;65
53;2023-08-18;14;96;15
53;2023-08-18;8;79;170
159;2023-08-18;12;2;65
11;2023-08-18;9;98;27
26;2023-08-18;14;102;35
26;2023-08-18;13;14;35
26;2023-08-18;13;33;55
223;2023-08-18;12;3;40
280;2023-08-18;12;3;40
204;2023-08-18;12;4;40
206;2023-08-19;12;4;40
7;2023-08-19;14;101;22,5
7;2023-08-19;9;106;60
7;2023-08-19;9;98;22,5
205;2023-08-19;12;4;40
139;2023-08-19;8;33;55
118;2023-08-19;13;71;400
118;2023-08-19;9;98;27
21;2023-08-19;14;98;27
21;2023-08-19;14;98;27
281;2023-08-19;12;4;40
282;2023-08-19;12;4;40
2;2023-08-19;8;23;165
2;2023-08-19;8;31;65
2;2023-08-19;14;99;45
93;2023-08-19;9;99;45
283;2023-08-19;999;28;120
61;2023-08-19;14;99;45
167;2023-08-19;12;1;30
284;2023-08-19;13;33;55
68;2023-08-19;8;48;130
18;2023-08-19;9;99;45
163;2023-08-19;12;4;40
83;2023-08-19;13;34;45
83;2023-08-19;13;14;40
285;2023-08-19;12;4;40
142;2023-08-19;14;101;27
142;2023-08-19;14;97;10
37;2023-08-19;8;33;55
182;2023-08-19;12;2;65
286;2023-08-19;12;2;65
208;2023-08-19;12;1;30
287;2023-08-22;12;4;40
22;2023-08-22;13;23;155
22;2023-08-22;13;70;130
22;2023-08-22;999;28;120
22;2023-08-22;14;98;27
118;2023-08-22;13;31;58,5
118;2023-08-22;13;14;31,5
118;2023-08-22;9;95;15
288;2023-08-22;12;3;40
108;2023-08-22;9;90;90
108;2023-08-22;9;103;20
108;2023-08-22;14;101;27
289;2023-08-22;999;28;120
289;2023-08-22;999;33;75
289;2023-08-22;13;23;155
289;2023-08-22;13;47;90
227;2023-08-22;12;3;40
141;2023-08-22;13;48;100
141;2023-08-22;14;101;27
4;2023-08-22;14;98;22,5
4;2023-08-22;14;103;20
4;2023-08-22;9;101;22,5
83;2023-08-22;13;34;45
132;2023-08-22;14;101;27
192;2023-08-22;12;3;40
195;2023-08-23;12;2;65
13;2023-08-23;14;99;45
290;2023-08-23;12;4;40
11;2023-08-23;13;31;65
11;2023-08-23;13;14;35
36;2023-08-23;14;99;45
210;2023-08-23;12;1;30
13;2023-08-23;14;99;45
53;2023-08-23;13;42;150
53;2023-08-23;13;62;200
53;2023-08-23;999;62;200
53;2023-08-23;999;28;120
53;2023-08-23;9;95;15
164;2023-08-23;12;4;40
291;2023-08-23;12;4;40
171;2023-08-23;12;4;40
185;2023-08-23;12;4;40
239;2023-08-24;14;98;22,5
239;2023-08-24;9;101;22,5
292;2023-08-24;12;2;65
189;2023-08-24;12;2;65
11;2023-08-24;14;98;27
168;2023-08-24;12;4;40
292;2023-08-24;12;2;65
15;2023-08-24;999;42;120
15;2023-08-24;14;98;22,5
15;2023-08-24;9;101;22,5
104;2023-08-24;999;28;85
104;2023-08-24;13;55;35
229;2023-08-24;12;2;65
26;2023-08-24;13;33;55
26;2023-08-24;13;14;35
26;2023-08-24;14;98;27
26;2023-08-24;14;96;15
161;2023-08-24;12;2;65
43;2023-08-25;14;98;27
293;2023-08-25;9;98;27
43;2023-08-25;8;31;65
294;2023-08-25;999;28;120
294;2023-08-25;13;16;90
294;2023-08-25;9;98;27
23;2023-08-25;14;99;45
295;2023-08-25;12;4;40
3;2023-08-25;8;71;300
3;2023-08-25;9;101;22,5
3;2023-08-25;14;98;22,5
3;2023-08-25;999;111;50
19;2023-08-25;14;98;27
167;2023-08-25;12;2;65
296;2023-08-25;14;101;27
297;2023-08-25;12;2;65
132;2023-08-25;9;98;27
53;2023-08-25;14;95;15
53;2023-08-25;13;42;145
19;2023-08-25;14;98;27
298;2023-08-25;12;4;40
19;2023-08-25;14;99;45
157;2023-08-25;12;2;65
299;2023-08-25;12;3;40
222;2023-08-25;12;1;30
300;2023-08-26;12;2;65
93;2023-08-26;14;98;27
92;2023-08-26;9;99;45
92;2023-08-26;9;100;7
92;2023-08-26;999;28;120
83;2023-08-26;13;34;45
83;2023-08-26;13;14;40
219;2023-08-26;12;2;65
118;2023-08-26;8;31;58,5
118;2023-08-26;8;14;36
118;2023-08-26;14;98;27
207;2023-08-26;12;4;40
208;2023-08-26;12;2;65
21;2023-08-26;14;99;45
37;2023-08-26;8;23;165
37;2023-08-26;14;99;45
301;2023-08-26;12;3;40
302;2023-08-26;12;4;40
11;2023-08-26;13;31;65
14;2023-08-26;8;23;165
14;2023-08-26;9;98;27
233;2023-08-26;12;1;30
14;2023-08-26;8;42;165
303;2023-08-26;12;2;65
141;2023-08-26;13;31;65
68;2023-08-26;8;31;65
68;2023-08-26;14;98;27
194;2023-08-28;12;2;65
304;2023-08-28;12;4;40
83;2023-08-29;8;34;45
15;2023-08-29;13;23;165
15;2023-08-29;13;42;145
15;2023-08-29;9;101;22,5
15;2023-08-29;14;98;22,5
305;2023-08-29;12;4;40
11;2023-08-29;8;16;90
11;2023-08-29;8;14;35
11;2023-08-29;13;31;65
72;2023-08-29;9;98;22,5
72;2023-08-29;14;101;22,5
306;2023-08-29;12;4;40
198;2023-08-29;12;2;65
198;2023-08-29;12;7;20
249;2023-08-29;12;3;40
63;2023-08-30;13;31;65
63;2023-08-30;9;98;22,5
63;2023-08-30;14;101;22,5
186;2023-08-30;12;2;65
253;2023-08-30;12;3;40
307;2023-08-30;12;3;40
254;2023-08-30;12;2;65
236;2023-08-31;12;3;40
18;2023-08-31;14;99;45
18;2023-08-31;13;31;65
239;2023-08-31;9;99;45
237;2023-08-31;12;3;40
52;2023-08-31;8;23;165
52;2023-08-31;8;42;131
52;2023-08-31;9;101;22,5
52;2023-08-31;14;98;22,5
11;2023-08-31;13;31;65
11;2023-08-31;13;14;35
11;2023-08-31;9;98;27
26;2023-08-31;8;33;55
26;2023-08-31;8;14;35
26;2023-08-31;14;99;45
141;2023-08-31;13;31;65
141;2023-08-31;13;14;30
141;2023-08-31;13;23;155
23;2023-08-31;14;98;27
161;2023-08-31;12;2;65
161;2023-08-31;12;2;65
308;2023-08-31;12;2;65
292;2023-09-01;12;1;30
261;2023-09-01;12;2;65
309;2023-09-01;9;99;45
25;2023-09-01;8;23;175
25;2023-09-01;8;42;165
25;2023-09-01;14;98;27
83;2023-09-01;999;28;120
83;2023-09-01;999;34;45
83;2023-09-01;9;101;27
87;2023-09-01;14;99;45
41;2023-09-01;14;99;45
55;2023-09-01;8;31;65
210;2023-09-01;12;2;65
160;2023-09-01;12;1;30
30;2023-09-01;14;101;22,5
30;2023-09-01;9;98;22,5
118;2023-09-01;8;79;157
118;2023-09-01;9;99;45
310;2023-09-01;12;4;40
6;2023-09-01;999;28;120
6;2023-09-01;13;42;130
202;2023-09-01;12;5;40
194;2023-09-01;12;6;20
203;2023-09-01;12;2;65
245;2023-09-01;12;4;40
252;2023-09-01;12;3;40
172;2023-09-02;12;2;65
33;2023-09-02;999;23;200
33;2023-09-02;13;43;150
33;2023-09-02;14;101;27
139;2023-09-02;8;43;175
139;2023-09-02;9;99;45
24;2023-09-02;8;33;55
21;2023-09-02;14;98;27
84;2023-09-02;8;40;140
84;2023-09-02;9;95;15
206;2023-09-02;12;6;20
14;2023-09-02;9;98;27
14;2023-09-02;14;101;27
311;2023-09-02;12;2;65
60;2023-09-02;14;98;22,5
60;2023-09-02;14;94;2,5
60;2023-09-02;9;101;22,5
141;2023-09-02;999;28;120
180;2023-09-04;12;3;40
19;2023-09-05;14;99;45
189;2023-09-05;12;2;65
312;2023-09-05;12;4;40
83;2023-09-05;8;34;45
225;2023-09-05;12;4;40
219;2023-09-05;12;2;65
262;2023-09-05;12;3;40
68;2023-09-05;999;28;120
263;2023-09-05;12;3;40
313;2023-09-05;12;4;40
157;2023-09-05;12;2;65
246;2023-09-06;12;4;40
195;2023-09-06;12;2;65
9;2023-09-06;8;23;175
9;2023-09-06;8;70;185
9;2023-09-06;14;99;45
22;2023-09-06;999;23;0
22;2023-09-06;999;42;145
22;2023-09-06;9;98;27
270;2023-09-06;12;2;65
141;2023-09-06;8;48;100
141;2023-09-06;9;101;27
88;2023-09-06;999;28;120
88;2023-09-06;999;111;50
73;2023-09-06;8;33;55
73;2023-09-06;999;25;40
73;2023-09-06;9;98;22,5
73;2023-09-06;14;101;22,5
73;2023-09-06;14;95;15
314;2023-09-06;12;4;40
41;2023-09-06;14;99;45
161;2023-09-06;12;2;65
315;2023-09-06;8;23;165
315;2023-09-06;8;48;100
315;2023-09-06;9;99;45
316;2023-09-06;12;4;40
26;2023-09-06;8;33;55
26;2023-09-06;14;99;45
200;2023-09-06;12;4;40
317;2023-09-08;12;4;40
318;2023-09-08;12;3;40
205;2023-09-08;12;4;40
226;2023-09-08;12;4;40
41;2023-09-08;14;99;45
194;2023-09-08;12;1;30
319;2023-09-08;8;66;215
319;2023-09-08;9;99;45
65;2023-09-08;999;62;225
65;2023-09-08;8;62;200
65;2023-09-08;999;28;120
229;2023-09-08;12;2;65
53;2023-09-08;8;14;60
53;2023-09-08;8;68;165
53;2023-09-08;999;111;50
53;2023-09-08;14;96;15
53;2023-09-08;14;95;15
250;2023-09-08;12;4;40
192;2023-09-08;12;3;40
167;2023-09-08;12;2;65
214;2023-09-08;12;4;40
320;2023-09-09;9;99;45
320;2023-09-09;9;94;2,5
321;2023-09-09;12;4;40
141;2023-09-09;14;98;27
21;2023-09-09;14;99;45
322;2023-09-09;12;4;40
323;2023-09-09;14;95;15
169;2023-09-09;12;2;65
108;2023-09-09;9;90;90
108;2023-09-09;9;94;20
168;2023-09-09;12;4;40
324;2023-09-09;999;69;150
324;2023-09-09;14;98;27
325;2023-09-09;12;4;40
323;2023-09-09;999;38;65
323;2023-09-09;14;95;15
274;2023-09-09;12;2;65
165;2023-09-11;12;2;65
204;2023-09-11;12;4;40
223;2023-09-11;12;4;40
69;2023-09-12;14;98;27
142;2023-09-12;9;98;27
83;2023-09-12;8;34;45
132;2023-09-12;9;101;27
65;2023-09-12;14;98;27
65;2023-09-12;14;96;15
65;2023-09-12;14;100;7
65;2023-09-12;999;33;55
161;2023-09-12;12;2;65
72;2023-09-12;9;98;22,5
72;2023-09-12;14;101;22,5
326;2023-09-12;12;4;40
173;2023-09-13;12;4;40
294;2023-09-13;9;99;45
26;2023-09-13;14;99;45
26;2023-09-13;8;33;55
26;2023-09-13;8;14;35
15;2023-09-13;9;99;45
15;2023-09-13;999;48;85
82;2023-09-13;8;48;85
82;2023-09-13;8;14;60
82;2023-09-13;14;99;45
194;2023-09-13;12;1;30
327;2023-09-13;8;48;85
327;2023-09-13;9;98;22,5
327;2023-09-13;9;103;2,5
327;2023-09-13;14;101;22,5
200;2023-09-13;12;4;40
166;2023-09-13;12;4;40
308;2023-09-13;12;2;65
206;2023-09-13;12;4;40
118;2023-09-14;8;31;58,5
118;2023-09-14;9;98;27
328;2023-09-14;12;4;40
257;2023-09-14;12;1;30
19;2023-09-14;14;98;27
25;2023-09-14;14;98;27
25;2023-09-14;999;42;165
187;2023-09-14;12;4;40
48;2023-09-15;14;98;27
48;2023-09-15;999;111;50
14;2023-09-15;8;14;35
14;2023-09-15;8;14;40
14;2023-09-15;999;23;165
14;2023-09-15;9;99;45
14;2023-09-15;9;102;17,5
281;2023-09-15;12;4;40
29;2023-09-15;14;101;22,5
29;2023-09-15;9;98;22,5
329;2023-09-15;12;4;40
147;2023-09-15;8;66;185
147;2023-09-15;999;111;50
202;2023-09-15;12;5;40
224;2023-09-15;14;98;22,5
224;2023-09-15;9;101;22,5
191;2023-09-15;12;1;30
41;2023-09-15;14;99;45
243;2023-09-15;12;4;40
227;2023-09-15;12;3;40
60;2023-09-15;14;98;27
60;2023-09-15;14;103;2,5
44;2023-09-15;14;98;27
330;2023-09-15;12;4;40
260;2023-09-16;12;2;65
61;2023-09-16;14;99;45
83;2023-09-16;8;34;45
162;2023-09-16;12;4;40
238;2023-09-16;12;4;40
21;2023-09-16;14;99;45
276;2023-09-16;12;1;30
331;2023-09-16;12;3;40
332;2023-09-16;999;28;120
219;2023-09-16;12;2;65
11;2023-09-16;14;98;27
159;2023-09-16;12;2;65
333;2023-09-16;12;3;40
311;2023-09-16;12;2;65
334;2023-09-16;12;4;40
189;2023-09-18;12;2;65
161;2023-09-18;12;2;65
198;2023-09-18;12;2;65
198;2023-09-18;12;7;20
163;2023-09-18;12;4;40
335;2023-09-19;8;48;85
335;2023-09-19;14;99;45
335;2023-09-19;999;28;120
36;2023-09-19;14;99;45
245;2023-09-19;12;4;40
197;2023-09-19;9;99;45
68;2023-09-19;8;52;45
33;2023-09-19;8;40;170
33;2023-09-19;999;23;180
33;2023-09-19;999;111;50
30;2023-09-19;14;99;45
30;2023-09-19;999;111;50
336;2023-09-19;9;99;45
336;2023-09-19;999;28;120
83;2023-09-19;8;23;165
83;2023-09-19;8;34;45
83;2023-09-19;8;14;40
105;2023-09-19;14;99;45
105;2023-09-19;8;33;55
337;2023-09-19;999;28;120
338;2023-09-19;12;4;40
141;2023-09-19;8;23;150
141;2023-09-19;8;48;100
339;2023-09-19;12;3;40
340;2023-09-19;999;111;50
195;2023-09-20;12;2;65
210;2023-09-20;12;1;30
164;2023-09-20;12;4;40
341;2023-09-20;8;23;165
341;2023-09-20;999;28;120
341;2023-09-20;9;101;27
342;2023-09-20;12;1;30
343;2023-09-20;12;4;40
183;2023-09-20;12;4;40
344;2023-09-20;12;3;40
270;2023-09-20;12;1;30
253;2023-09-20;12;3;40
254;2023-09-20;12;2;65
177;2023-09-20;12;4;40
178;2023-09-20;12;4;40
177;2023-09-20;12;4;40
111;2023-09-21;14;99;45
28;2023-09-21;8;23;175
28;2023-09-21;8;76;185
28;2023-09-21;9;98;27
313;2023-09-21;12;4;40
118;2023-09-21;14;101;22,5
118;2023-09-21;9;98;22,5
292;2023-09-21;12;1;30
106;2023-09-21;999;28;120
4;2023-09-21;9;99;45
4;2023-09-21;9;103;20
54;2023-09-21;14;99;45
345;2023-09-21;12;4;40
23;2023-09-21;14;99;45
194;2023-09-21;12;2;65
64;2023-09-21;14;99;45
167;2023-09-21;12;2;65
134;2023-09-22;8;70;220
176;2023-09-22;14;99;45
172;2023-09-22;12;1;30
240;2023-09-22;12;4;40
37;2023-09-22;9;99;45
37;2023-09-22;8;23;165
37;2023-09-22;8;33;55
43;2023-09-22;999;112;60
43;2023-09-22;8;31;65
43;2023-09-22;9;98;22,5
43;2023-09-22;14;101;22,5
25;2023-09-22;8;23;175
25;2023-09-22;8;42;165
25;2023-09-22;14;101;27
202;2023-09-22;12;5;40
175;2023-09-22;12;4;40
26;2023-09-22;8;33;55
26;2023-09-22;14;95;15
346;2023-09-22;12;2;65
73;2023-09-22;8;14;35
73;2023-09-22;8;23;165
73;2023-09-22;9;99;45
41;2023-09-22;14;99;45
171;2023-09-22;12;4;40
83;2023-09-22;8;34;45
347;2023-09-22;12;4;40
60;2023-09-22;14;98;22,5
60;2023-09-22;9;101;22,5
186;2023-09-22;12;2;65
200;2023-09-22;12;4;40
231;2023-09-23;12;4;40
212;2023-09-23;12;4;40
118;2023-09-23;8;79;145
118;2023-09-23;9;95;15
21;2023-09-23;14;98;27
168;2023-09-23;12;4;40
24;2023-09-23;8;33;55
24;2023-09-23;14;98;27
18;2023-09-23;14;98;22,5
18;2023-09-23;9;101;22,5
139;2023-09-23;8;23;165
139;2023-09-23;8;70;165
139;2023-09-23;9;99;45
139;2023-09-23;9;102;20
161;2023-09-23;12;2;65
68;2023-09-23;8;31;65
2;2023-09-23;9;101;22,5
2;2023-09-23;14;98;22,5
2;2023-09-23;999;28;120
2;2023-09-23;8;70;185
182;2023-09-23;12;4;40
29;2023-09-23;14;98;27
45;2023-09-23;8;16;90
45;2023-09-23;8;70;80
45;2023-09-23;999;32;85
45;2023-09-23;14;99;45
45;2023-09-23;14;100;7
259;2023-09-23;12;4;40
348;2023-09-23;12;4;40
233;2023-09-26;12;2;65
261;2023-09-26;12;2;65
83;2023-09-26;8;34;45
234;2023-09-26;12;2;65
207;2023-09-26;12;4;40
208;2023-09-26;12;2;65
40;2023-09-26;14;99;45
40;2023-09-26;14;102;20
214;2023-09-26;12;4;40
7;2023-09-27;8;33;55
7;2023-09-27;999;23;175
43;2023-09-27;9;99;45
43;2023-09-27;8;48;85
49;2023-09-27;8;55;25
49;2023-09-27;999;25;40
131;2023-09-27;8;33;55
15;2023-09-27;999;23;165
15;2023-09-27;999;42;155
15;2023-09-27;9;99;45
145;2023-09-27;8;33;55
349;2023-09-27;9;98;27
349;2023-09-27;8;31;65
118;2023-09-28;8;31;60
118;2023-09-28;8;14;40
118;2023-09-28;9;98;27
26;2023-09-28;8;33;55
26;2023-09-28;8;14;35
26;2023-09-28;14;99;45
23;2023-09-28;14;99;45
189;2023-09-28;12;2;65
25;2023-09-28;8;34;45
25;2023-09-28;8;14;40
25;2023-09-28;14;98;27
161;2023-09-28;12;2;65
28;2023-09-28;14;101;22,5
28;2023-09-28;14;102;20
28;2023-09-28;9;101;22,5
28;2023-09-28;8;34;45
28;2023-09-28;999;79;157
258;2023-09-28;12;4;40
350;2023-09-28;9;99;45
351;2023-09-28;12;4;40
157;2023-09-28;12;2;65
306;2023-09-29;12;4;40
194;2023-09-29;12;1;30
194;2023-09-29;12;6;20
160;2023-09-29;12;1;30
295;2023-09-29;12;4;40
19;2023-09-29;14;99;45
229;2023-09-29;12;2;65
257;2023-09-29;12;2;65
352;2023-09-29;14;95;15
353;2023-09-29;9;99;45
353;2023-09-29;999;28;120
284;2023-09-29;14;99;45
354;2023-09-29;8;40;170
287;2023-09-29;12;4;40
355;2023-09-29;999;28;120
73;2023-09-29;8;33;55
73;2023-09-29;14;95;15
219;2023-09-29;12;2;65
185;2023-09-29;12;4;40
193;2023-09-29;12;4;40
297;2023-09-30;12;2;65
111;2023-09-30;8;33;55
111;2023-09-30;8;16;90
111;2023-09-30;14;99;45
310;2023-09-30;12;4;40
118;2023-09-30;14;95;15
118;2023-09-30;999;31;65
118;2023-09-30;8;14;40
118;2023-09-30;999;28;120
206;2023-09-30;12;4;40
21;2023-09-30;14;99;45
255;2023-09-30;12;3;40
169;2023-09-30;12;2;65
332;2023-09-30;8;34;45
356;2023-09-30;999;28;120
356;2023-09-30;999;16;90
356;2023-09-30;8;76;165
29;2023-09-30;14;99;45
167;2023-09-30;12;1;30
18;2023-09-30;999;28;120
61;2023-09-30;14;99;45
311;2023-09-30;12;2;65
292;2023-10-02;12;1;30
230;2023-10-02;12;3;40
243;2023-10-02;12;4;40
307;2023-10-02;12;3;40
253;2023-10-02;12;3;40
254;2023-10-02;12;2;65
161;2023-10-02;12;2;65
118;2023-10-03;14;99;45
118;2023-10-03;999;31;65
118;2023-10-03;999;14;40
83;2023-10-03;8;34;45
320;2023-10-03;14;95;15
83;2023-10-03;9;101;27
95;2023-10-03;14;99;45
357;2023-10-03;12;4;40
72;2023-10-03;14;98;27
72;2023-10-03;13;31;65
108;2023-10-03;9;90;90
358;2023-10-03;12;4;40
108;2023-10-03;9;94;40
73;2023-10-03;14;99;45
73;2023-10-03;999;111;50
73;2023-10-03;8;33;55
198;2023-10-03;12;2;65
198;2023-10-03;12;7;15
13;2023-10-04;14;99;45
359;2023-10-04;12;3;40
360;2023-10-04;12;4;40
132;2023-10-04;9;101;27
151;2023-10-04;13;55;25
151;2023-10-04;999;28;95
227;2023-10-04;12;3;40
294;2023-10-04;9;98;22,5
294;2023-10-04;14;101;22,5
191;2023-10-04;12;4;40
223;2023-10-04;12;3;40
36;2023-10-05;14;99;45
224;2023-10-05;14;99;45
194;2023-10-05;12;1;30
190;2023-10-05;12;4;40
11;2023-10-05;13;33;55
11;2023-10-05;13;14;35
11;2023-10-05;9;98;27
23;2023-10-05;14;98;22,5
23;2023-10-05;9;101;22,5
345;2023-10-05;12;4;40
37;2023-10-05;8;76;147
37;2023-10-05;14;98;22,5
37;2023-10-05;9;101;22,5
192;2023-10-05;12;3;40
250;2023-10-05;12;4;40
88;2023-10-06;999;28;120
14;2023-10-06;8;23;165
41;2023-10-06;14;99;45
202;2023-10-06;12;5;40
15;2023-10-06;8;73;145
15;2023-10-06;9;98;27
15;2023-10-06;9;105;5
15;2023-10-06;999;111;50
30;2023-10-06;14;99;45
361;2023-10-06;9;99;45
191;2023-10-06;12;1;30
30;2023-10-06;13;34;45
30;2023-10-06;13;14;40
59;2023-10-06;9;99;45
354;2023-10-06;8;76;175
354;2023-10-06;14;95;15
354;2023-10-06;14;97;10
362;2023-10-06;12;4;40
54;2023-10-06;14;99;45
284;2023-10-06;9;86;130
203;2023-10-07;12;4;40
238;2023-10-07;12;4;40
316;2023-10-07;12;6;20
118;2023-10-07;9;95;15
118;2023-10-07;8;71;400
363;2023-10-07;999;28;120
363;2023-10-07;999;33;55
282;2023-10-07;12;4;40
300;2023-10-07;12;2;65
176;2023-10-07;9;99;45
83;2023-10-07;8;34;45
83;2023-10-07;8;14;40
312;2023-10-07;12;4;40
168;2023-10-07;12;4;40
210;2023-10-07;12;2;65
2;2023-10-07;8;23;165
2;2023-10-07;8;31;65
2;2023-10-07;8;14;35
252;2023-10-07;12;3;40
245;2023-10-07;12;4;40
25;2023-10-07;999;34;45
25;2023-10-07;999;14;40
16;2023-10-07;9;99;45
16;2023-10-07;9;100;7
16;2023-10-07;9;103;2,5
327;2023-10-07;8;42;175
180;2023-10-07;12;3;40
364;2023-10-07;999;16;90
226;2023-10-07;12;4;40
161;2023-10-07;12;2;65
189;2023-10-09;12;2;65
328;2023-10-09;12;4;40
313;2023-10-09;12;4;40
343;2023-10-09;12;4;40
200;2023-10-09;12;4;40
365;2023-10-10;12;2;65
105;2023-10-10;14;98;27
105;2023-10-10;8;33;55
327;2023-10-10;9;99;45
22;2023-10-10;14;98;27
22;2023-10-10;999;28;120
22;2023-10-10;999;55;35
22;2023-10-10;8;23;165
225;2023-10-10;12;4;40
364;2023-10-10;999;28;120
366;2023-10-10;9;98;27
83;2023-10-10;8;34;45
118;2023-10-10;14;100;5
277;2023-10-10;12;3;40
118;2023-10-10;14;99;45
118;2023-10-10;8;46;145
118;2023-10-10;14;99;45
262;2023-10-10;12;3;40
91;2023-10-10;14;99;45
263;2023-10-10;12;3;40
91;2023-10-10;999;111;50
367;2023-10-10;12;2;65
209;2023-10-10;12;2;65
98;2023-10-10;14;98;27
98;2023-10-10;8;17;150
98;2023-10-10;8;40;175
98;2023-10-10;999;28;120
244;2023-10-10;12;4;40
298;2023-10-10;12;4;40
294;2023-10-11;999;28;120
294;2023-10-11;999;16;90
368;2023-10-11;8;39;240
368;2023-10-11;14;99;45
368;2023-10-11;9;102;35
159;2023-10-11;12;2;65
270;2023-10-11;12;2;65
56;2023-10-11;9;98;27
369;2023-10-11;8;31;65
369;2023-10-11;8;14;40
369;2023-10-11;14;99;45
370;2023-10-11;12;4;40
162;2023-10-11;12;4;40
172;2023-10-11;12;2;65
371;2023-10-11;14;98;22,5
371;2023-10-11;9;101;22,5
304;2023-10-11;12;4;40
2;2023-10-11;8;31;65
2;2023-10-11;8;14;40
2;2023-10-11;9;99;45
2;2023-10-11;9;95;15
372;2023-10-11;14;99;45
373;2023-10-11;12;2;65
159;2023-10-11;9;99;45
186;2023-10-11;12;2;65
374;2023-10-11;12;4;40
160;2023-10-11;12;1;30
160;2023-10-11;12;6;20
204;2023-10-11;12;4;40
167;2023-10-11;12;2;65
375;2023-10-13;999;28;120
65;2023-10-13;13;73;145
65;2023-10-13;14;99;45
65;2023-10-13;14;102;20
65;2023-10-13;14;100;7
87;2023-10-13;9;99;45
127;2023-10-13;8;46;165
127;2023-10-13;999;28;120
127;2023-10-13;8;23;165
257;2023-10-13;12;1;30
29;2023-10-13;14;98;27
161;2023-10-13;12;2;65
52;2023-10-13;8;23;165
52;2023-10-13;8;42;135
52;2023-10-13;9;99;45
61;2023-10-13;14;99;45
11;2023-10-13;13;31;65
18;2023-10-13;9;98;27
191;2023-10-13;12;1;30
36;2023-10-13;14;99;45
301;2023-10-13;12;3;40
111;2023-10-13;13;33;55
23;2023-10-13;9;99;45
206;2023-10-13;12;4;40
111;2023-10-13;14;99;45
219;2023-10-13;12;2;65
321;2023-10-13;12;4;40
321;2023-10-13;12;4;40
171;2023-10-14;12;4;40
157;2023-10-14;12;4;40
376;2023-10-14;14;99;45
376;2023-10-14;8;39;195
208;2023-10-14;12;6;20
208;2023-10-14;12;1;30
212;2023-10-14;12;4;40
294;2023-10-14;14;99;45
25;2023-10-14;8;23;175
25;2023-10-14;8;39;175
330;2023-10-14;12;4;40
83;2023-10-14;13;34;45
83;2023-10-14;13;14;40
377;2023-10-14;12;2;65
378;2023-10-14;12;4;40
75;2023-10-14;14;99;45
11;2023-10-14;13;16;90
11;2023-10-14;8;14;35
11;2023-10-14;8;33;55
379;2023-10-14;12;3;40
279;2023-10-14;12;4;40
26;2023-10-14;13;33;55
26;2023-10-14;13;14;35
26;2023-10-14;14;99;45
72;2023-10-14;14;99;45
380;2023-10-14;14;99;45
195;2023-10-17;12;2;65
363;2023-10-17;14;99;45
363;2023-10-17;14;102;20
381;2023-10-17;13;31;80
19;2023-10-17;14;99;45
54;2023-10-17;14;99;45
141;2023-10-17;13;23;155
141;2023-10-17;13;48;100
382;2023-10-17;9;98;27
132;2023-10-17;9;101;27
183;2023-10-17;12;4;40
299;2023-10-17;12;3;40
308;2023-10-17;12;2;65
200;2023-10-17;12;4;40
302;2023-10-17;12;4;40
194;2023-10-18;12;2;65
26;2023-10-18;8;33;55
26;2023-10-18;8;14;35
26;2023-10-18;14;99;45
11;2023-10-18;9;98;27
24;2023-10-18;13;73;147
24;2023-10-18;999;93;40
83;2023-10-18;13;55;25
83;2023-10-18;999;28;95
23;2023-10-18;14;98;22,5
23;2023-10-18;9;101;22,5
23;2023-10-18;13;31;65
23;2023-10-18;13;16;90
22;2023-10-18;14;98;27
22;2023-10-18;13;33;55
187;2023-10-18;12;4;40
83;2023-10-18;999;28;120
383;2023-10-18;8;16;90
50;2023-10-18;9;99;45
50;2023-10-18;9;103;2,5
50;2023-10-18;13;69;75
48;2023-10-19;14;98;27
48;2023-10-19;999;111;60
210;2023-10-19;12;1;30
40;2023-10-19;13;73;145
40;2023-10-19;14;99;45
26;2023-10-19;8;33;55
26;2023-10-19;8;14;35
26;2023-10-19;14;99;45
384;2023-10-19;12;4;40
292;2023-10-19;12;2;65
11;2023-10-19;13;33;55
11;2023-10-19;13;14;35
189;2023-10-19;12;2;65
41;2023-10-19;14;99;45
59;2023-10-19;9;87;110
59;2023-10-19;9;96;15
161;2023-10-19;12;2;65
169;2023-10-19;12;2;65
202;2023-10-19;12;5;40
385;2023-10-20;999;28;120
385;2023-10-20;14;98;27
385;2023-10-20;13;78;230
232;2023-10-20;8;45;215
25;2023-10-20;8;34;45
25;2023-10-20;9;101;27
234;2023-10-20;12;4;40
25;2023-10-20;8;14;40
65;2023-10-20;13;39;175
65;2023-10-20;14;99;45
65;2023-10-20;999;23;165
60;2023-10-20;14;98;27
60;2023-10-20;8;31;75
53;2023-10-20;13;39;185
53;2023-10-20;9;96;15
53;2023-10-20;9;95;15
224;2023-10-20;14;99;45
222;2023-10-20;12;2;65
386;2023-10-20;999;28;120
387;2023-10-20;14;98;27
355;2023-10-20;9;99;45
386;2023-10-20;999;111;60
342;2023-10-20;12;4;40
140;2023-10-20;14;99;45
198;2023-10-20;12;2;65
368;2023-10-20;8;45;210
368;2023-10-20;999;111;60
261;2023-10-20;12;2;65
388;2023-10-20;8;14;40
388;2023-10-20;8;33;55
388;2023-10-20;9;98;22,5
388;2023-10-20;14;101;22,5
30;2023-10-20;9;99;45
30;2023-10-20;13;14;40
30;2023-10-20;13;34;45
33;2023-10-20;13;24;230
280;2023-10-20;12;3;40
260;2023-10-21;12;2;65
297;2023-10-21;12;2;65
83;2023-10-21;8;34;45
389;2023-10-21;13;24;190
389;2023-10-21;13;70;185
389;2023-10-21;9;98;27
389;2023-10-21;9;95;15
165;2023-10-21;12;2;65
28;2023-10-21;8;78;180
28;2023-10-21;14;99;45
28;2023-10-21;14;102;20
163;2023-10-21;12;4;40
390;2023-10-21;12;4;40
369;2023-10-21;9;99;45
13;2023-10-21;9;101;22,5
13;2023-10-21;14;98;22,5
11;2023-10-23;999;14;40
251;2023-10-23;12;4;40
167;2023-10-23;12;2;65
208;2023-10-23;12;1;30
11;2023-10-24;13;16;90
11;2023-10-24;13;31;65
11;2023-10-24;14;98;27
391;2023-10-24;8;23;165
391;2023-10-24;999;28;120
392;2023-10-24;9;87;110
83;2023-10-24;8;34;45
83;2023-10-24;9;101;27
72;2023-10-24;9;101;22,5
72;2023-10-24;14;98;22,5
168;2023-10-24;12;4;40
363;2023-10-25;14;99;45
28;2023-10-25;8;73;185
28;2023-10-25;8;23;260
28;2023-10-25;999;111;60
28;2023-10-25;14;98;27
172;2023-10-25;12;1;30
141;2023-10-25;13;48;125
380;2023-10-25;14;99;45
161;2023-10-25;12;2;65
388;2023-10-25;13;14;35
316;2023-10-25;12;4;40
393;2023-10-25;12;4;40
186;2023-10-25;12;1;30
253;2023-10-25;12;3;40
307;2023-10-25;12;3;40
146;2023-10-26;14;99;45
26;2023-10-26;13;33;55
26;2023-10-26;14;98;27
64;2023-10-26;14;99;45
164;2023-10-26;12;4;40
200;2023-10-26;12;4;40
394;2023-10-26;12;4;40
192;2023-10-26;12;3;40
250;2023-10-26;12;4;40
160;2023-10-27;12;1;30
83;2023-10-27;13;23;165
83;2023-10-27;13;39;165
14;2023-10-27;8;33;55
14;2023-10-27;14;98;27
117;2023-10-27;8;48;60
117;2023-10-27;999;48;60
117;2023-10-27;13;16;90
117;2023-10-27;14;99;45
117;2023-10-27;14;102;20
11;2023-10-27;13;31;65
11;2023-10-27;13;14;35
368;2023-10-27;8;48;120
62;2023-10-27;13;33;55
62;2023-10-27;13;14;35
62;2023-10-27;14;98;27
395;2023-10-27;999;98;27
25;2023-10-27;8;34;45
25;2023-10-27;14;101;27
25;2023-10-27;8;14;40
999;2023-10-27;13;42;150
23;2023-10-27;999;99;45
999;2023-10-27;999;99;45
37;2023-10-27;8;23;165
37;2023-10-27;8;33;55
37;2023-10-27;14;99;45
206;2023-10-28;12;4;40
206;2023-10-28;12;51;15
376;2023-10-28;8;76;185
231;2023-10-28;12;4;40
2;2023-10-28;8;31;65
219;2023-10-28;12;2;65
2;2023-10-28;8;14;35
2;2023-10-28;9;99;45
999;2023-10-28;999;28;120
999;2023-10-28;13;23;165
999;2023-10-28;13;34;45
207;2023-10-28;12;4;40
54;2023-10-28;999;28;85
54;2023-10-28;999;55;35
54;2023-10-28;14;99;45
208;2023-10-28;12;2;65
999;2023-10-28;13;23;165
999;2023-10-28;13;34;45
325;2023-10-28;12;4;40
53;2023-10-28;8;76;195
53;2023-10-28;8;14;90
53;2023-10-28;999;111;60
53;2023-10-28;14;95;15
53;2023-10-28;14;96;15
999;2023-10-28;12;3;40
999;2023-10-28;12;4;40
301;2023-10-28;12;3;40
266;2023-10-28;12;4;40
305;2023-10-28;12;4;40
259;2023-10-28;12;4;40
265;2023-10-28;13;32;75
265;2023-10-28;9;98;22,5
265;2023-10-28;14;101;22,5
377;2023-10-28;12;2;65
176;2023-10-28;14;99;45
999;2023-10-28;12;3;40
257;2023-10-28;12;2;65
189;2023-10-30;12;2;65
999;2023-10-30;12;3;40
223;2023-10-30;12;4;40
204;2023-10-30;12;4;40
194;2023-10-31;12;2;65
15;2023-10-31;999;23;82,5
15;2023-10-31;999;23;82,5
15;2023-10-31;999;42;145
15;2023-10-31;9;105;60
15;2023-10-31;14;101;27
195;2023-10-31;12;2;65
308;2023-10-31;12;2;65
134;2023-10-31;9;99;45
290;2023-10-31;12;4;40
385;2023-10-31;999;23;82,5
385;2023-10-31;999;23;82,5
385;2023-10-31;14;99;45
385;2023-10-31;13;48;130
225;2023-10-31;12;4;40
161;2023-10-31;12;2;65
170;2023-10-31;12;4;40
999;2023-10-31;13;23;175
999;2023-10-31;999;112;60
999;2023-10-31;14;99;45
270;2023-10-31;12;2;65
999;2023-10-31;12;4;40
19;2023-10-31;14;99;45
245;2023-10-31;12;4;40
53;2023-10-31;13;70;165
53;2023-10-31;13;14;90
83;2023-11-01;8;34;45
69;2023-11-01;14;98;27
142;2023-11-01;9;98;27
24;2023-11-01;13;33;55
60;2023-11-01;14;98;22,5
60;2023-11-01;9;101;22,5
60;2023-11-01;14;100;7
28;2023-11-01;8;78;180
28;2023-11-01;999;28;120
28;2023-11-01;9;99;45
66;2023-11-01;999;112;60
999;2023-11-01;13;39;195
999;2023-11-01;9;96;15
999;2023-11-01;9;95;15
41;2023-11-01;14;99;45
18;2023-11-01;9;98;27
345;2023-11-01;12;4;40
118;2023-11-01;999;31;65
118;2023-11-01;999;14;45
384;2023-11-01;12;4;40
26;2023-11-01;14;98;27
999;2023-11-01;9;98;27
167;2023-11-01;12;1;30
254;2023-11-01;12;2;65
212;2023-11-01;12;4;40
252;2023-11-01;12;3;40
205;2023-11-03;12;4;40
56;2023-11-03;8;23;165
56;2023-11-03;14;99;45
243;2023-11-03;12;4;40
313;2023-11-03;12;4;40
263;2023-11-03;12;3;40
262;2023-11-03;12;3;40
29;2023-11-03;14;99;45
11;2023-11-03;8;17;150
11;2023-11-03;8;14;35
11;2023-11-03;8;31;65
292;2023-11-03;12;1;30
292;2023-11-03;12;6;20
999;2023-11-03;14;99;45
200;2023-11-03;12;4;40
157;2023-11-03;12;2;65
23;2023-11-03;14;98;27
261;2023-11-03;12;2;65
11;2023-11-04;999;10;150
169;2023-11-04;12;1;30
21;2023-11-04;14;99;45
390;2023-11-04;12;4;40
208;2023-11-04;12;1;30
147;2023-11-04;13;74;185
147;2023-11-04;999;28;120
147;2023-11-04;999;98;27
88;2023-11-04;999;111;60
88;2023-11-04;999;25;40
306;2023-11-04;12;4;40
380;2023-11-04;14;99;45
182;2023-11-04;12;4;40
72;2023-11-04;14;99;45
25;2023-11-04;8;34;45
25;2023-11-04;8;14;40
376;2023-11-04;999;98;27
376;2023-11-04;8;23;175
376;2023-11-04;8;76;195
320;2023-11-04;14;99;45
203;2023-11-04;12;2;65
381;2023-11-04;999;12;80
381;2023-11-04;13;32;80
33;2023-11-04;8;24;190
33;2023-11-04;8;40;160
161;2023-11-06;12;2;65
219;2023-11-06;12;2;65
177;2023-11-06;12;4;40
178;2023-11-06;12;4;40
52;2023-11-07;8;62;550
52;2023-11-07;9;99;45
30;2023-11-07;14;99;45
30;2023-11-07;999;111;60
19;2023-11-07;14;99;45
146;2023-11-07;999;28;120
33;2023-11-07;999;86;150
33;2023-11-07;14;101;27
44;2023-11-07;14;99;45
26;2023-11-07;13;33;55
26;2023-11-07;13;14;35
26;2023-11-07;14;99;45
26;2023-11-07;14;93;40
200;2023-11-07;12;4;40
351;2023-11-07;12;4;40
172;2023-11-08;12;2;65
54;2023-11-08;14;99;45
11;2023-11-08;999;98;27
11;2023-11-08;13;14;35
11;2023-11-08;13;31;65
257;2023-11-08;12;1;30
41;2023-11-08;14;99;45
7;2023-11-08;999;28;120
7;2023-11-08;14;99;45
170;2023-11-08;12;1;30
72;2023-11-09;8;31;65
214;2023-11-09;12;4;40
349;2023-11-09;999;98;27
168;2023-11-09;12;4;40
318;2023-11-09;12;4;40
317;2023-11-09;12;4;40
999;2023-11-09;14;99;45
240;2023-11-09;12;4;40
332;2023-11-09;13;33;55
332;2023-11-09;14;98;22,5
332;2023-11-09;999;101;22,5
132;2023-11-09;14;101;27
229;2023-11-09;12;1;30
229;2023-11-09;12;6;20
117;2023-11-09;13;54;45
117;2023-11-09;13;14;40
117;2023-11-09;999;98;27
258;2023-11-09;12;4;40
194;2023-11-09;12;1;30
198;2023-11-09;12;2;65
185;2023-11-09;12;4;40
385;2023-11-10;999;106;60
385;2023-11-10;999;98;27
385;2023-11-10;13;78;230
25;2023-11-10;8;23;175
25;2023-11-10;8;39;165
25;2023-11-10;14;101;27
321;2023-11-10;12;4;40
11;2023-11-10;13;31;65
11;2023-11-10;13;14;35
999;2023-11-10;14;98;22,5
999;2023-11-10;999;101;22,5
999;2023-11-10;14;100;7
999;2023-11-10;999;100;7
190;2023-11-10;12;2;65
160;2023-11-10;12;2;65
189;2023-11-10;12;2;65
59;2023-11-10;999;90;90
59;2023-11-10;999;101;27
59;2023-11-10;999;100;7
999;2023-11-10;999;28;115
999;2023-11-10;8;34;45
999;2023-11-10;14;96;15
226;2023-11-10;12;4;40
91;2023-11-10;14;99;45
288;2023-11-10;12;3;40
143;2023-11-10;14;98;27
73;2023-11-10;8;23;165
73;2023-11-10;14;98;27
73;2023-11-10;8;33;55
167;2023-11-10;12;2;65
999;2023-11-10;14;95;15
999;2023-11-10;999;96;15
999;2023-11-10;999;25;40
186;2023-11-10;12;2;65
206;2023-11-10;12;4;40
224;2023-11-11;999;99;45
118;2023-11-11;14;99;45
118;2023-11-11;13;39;195
175;2023-11-11;12;4;40
195;2023-11-11;12;4;40
274;2023-11-11;12;2;65
23;2023-11-11;14;98;27
999;2023-11-11;12;4;40
83;2023-11-11;8;34;45
21;2023-11-11;14;98;27
387;2023-11-11;13;55;35
346;2023-11-11;12;2;65
999;2023-11-11;999;99;45
355;2023-11-11;13;55;25
355;2023-11-11;999;28;95
339;2023-11-11;12;3;40
159;2023-11-11;12;2;65
333;2023-11-11;12;3;40
372;2023-11-11;14;99;45
384;2023-11-13;12;4;40
999;2023-11-13;12;2;65
210;2023-11-13;12;2;65
295;2023-11-13;12;4;40
310;2023-11-14;12;4;40
28;2023-11-14;14;99;45
28;2023-11-14;13;33;55
28;2023-11-14;13;14;40
313;2023-11-14;12;4;40
11;2023-11-14;999;98;27
11;2023-11-14;13;16;90
11;2023-11-14;13;14;35
11;2023-11-14;13;31;65
36;2023-11-14;14;99;45
163;2023-11-14;12;4;40
194;2023-11-14;12;6;20
73;2023-11-14;8;33;55
73;2023-11-14;999;111;60
73;2023-11-14;999;101;27
73;2023-11-14;999;95;15
151;2023-11-14;999;95;15
26;2023-11-14;14;99;45
26;2023-11-14;13;33;55
26;2023-11-14;13;14;35
26;2023-11-14;14;93;40,09
244;2023-11-14;12;4;40
37;2023-11-14;14;99;45
37;2023-11-14;8;33;55
62;2023-11-14;13;33;55
62;2023-11-14;999;98;27
62;2023-11-14;999;55;25,09
62;2023-11-14;999;28;95,09
18;2023-11-14;999;99;45
18;2023-11-14;8;31;65
18;2023-11-14;8;19;40
4;2023-11-14;14;99;45
4;2023-11-14;13;33;55
30;2023-11-14;13;34;45
394;2023-11-16;12;4;40
195;2023-11-16;12;2;65
118;2023-11-16;999;31;65
118;2023-11-16;999;14;40
118;2023-11-16;14;98;27
209;2023-11-16;12;2;65
11;2023-11-16;13;31;65
11;2023-11-16;13;14;35
292;2023-11-16;12;2;65
312;2023-11-16;12;4;40
41;2023-11-16;14;99;45
279;2023-11-16;12;4;40
222;2023-11-16;12;2;65
385;2023-11-17;13;31;65
385;2023-11-17;13;14;40
385;2023-11-17;999;98;27
385;2023-11-17;999;100;7
385;2023-11-17;999;9;20
14;2023-11-17;14;98;27
14;2023-11-17;8;23;165
287;2023-11-17;12;4;40
65;2023-11-17;14;99;45
65;2023-11-17;8;73;145
25;2023-11-17;999;28;120
25;2023-11-17;13;33;55
108;2023-11-17;999;90;90
108;2023-11-17;14;101;27
227;2023-11-17;12;3;40
999;2023-11-17;12;1;30
999;2023-11-17;13;70;215
999;2023-11-17;14;101;27
999;2023-11-17;999;86;150
999;2023-11-17;14;100;7
999;2023-11-17;999;100;7
171;2023-11-17;12;4;40
23;2023-11-17;14;99;45
23;2023-11-17;999;111;60
330;2023-11-17;12;4;40
271;2023-11-17;12;2;65
294;2023-11-17;14;98;22,5
294;2023-11-17;999;101;22,5
166;2023-11-17;12;4;40
332;2023-11-17;14;98;22,5
332;2023-11-17;999;101;22,5
332;2023-11-17;13;33;55
192;2023-11-17;12;3;40
250;2023-11-17;12;4;40
374;2023-11-18;12;4;40
7;2023-11-18;999;98;27
7;2023-11-18;13;43;175
7;2023-11-18;999;111;60
162;2023-11-18;12;4;40
194;2023-11-18;12;2;65
72;2023-11-18;8;31;65
72;2023-11-18;14;99;45
380;2023-11-18;999;99;45
208;2023-11-18;12;1;30
348;2023-11-18;12;4;40
11;2023-11-18;13;31;65
11;2023-11-18;13;14;35
261;2023-11-18;12;2;65
342;2023-11-18;12;2;65
297;2023-11-18;12;2;65
999;2023-11-18;14;99;45
999;2023-11-18;999;99;45
141;2023-11-18;14;98;27
141;2023-11-18;999;76;135
147;2023-11-18;999;99;45
147;2023-11-18;13;74;215
281;2023-11-18;12;4;40
141;2023-11-18;999;33;55
999;2023-11-18;999;23;165
999;2023-11-18;13;39;170
999;2023-11-18;13;39;165
390;2023-11-18;12;4;40
189;2023-11-20;12;2;65
316;2023-11-20;12;4;40
165;2023-11-20;12;2;65
257;2023-11-21;12;2;65
141;2023-11-21;8;23;165
141;2023-11-21;8;48;100
141;2023-11-21;999;28;60
141;2023-11-21;14;101;27
290;2023-11-21;12;4;40
347;2023-11-21;12;4;40
69;2023-11-21;14;98;27
999;2023-11-21;999;62;350
999;2023-11-21;13;62;200
999;2023-11-21;999;28;120
68;2023-11-21;8;31;65
999;2023-11-22;12;4;40
999;2023-11-22;14;94;70
52;2023-11-22;999;62;350
52;2023-11-22;8;62;200
52;2023-11-22;14;99;45
52;2023-11-22;999;28;100
270;2023-11-22;12;2;65
999;2023-11-22;8;31;65
999;2023-11-22;12;4;40
999;2023-11-22;8;33;55
50;2023-11-22;8;42;115
50;2023-11-22;14;99;45
200;2023-11-22;12;4;40
223;2023-11-22;12;4;40
280;2023-11-22;12;3;40
204;2023-11-22;12;4;40
11;2023-11-23;14;98;27
22;2023-11-23;999;23;165
22;2023-11-23;999;34;45
26;2023-11-23;14;99;45
26;2023-11-23;13;39;185
24;2023-11-23;8;33;55
108;2023-11-23;999;107;10
13;2023-11-23;14;98;27
54;2023-11-23;14;99;45
157;2023-11-23;12;4;40
999;2023-11-23;12;4;40
999;2023-11-23;12;62;60
142;2023-11-24;14;98;27
11;2023-11-24;8;51;35
187;2023-11-24;12;4;40
56;2023-11-24;999;99;45
25;2023-11-24;14;99;45
25;2023-11-24;8;70;165
73;2023-11-24;14;99;45
101;2023-11-24;999;101;27
101;2023-11-24;13;39;215
101;2023-11-24;999;28;120
28;2023-11-24;13;24;185
28;2023-11-24;14;98;27
28;2023-11-24;8;47;165
28;2023-11-24;999;111;60
999;2023-11-24;8;23;165
999;2023-11-24;999;98;27
999;2023-11-24;999;112;60
999;2023-11-24;8;74;215
389;2023-11-24;13;24;190
224;2023-11-24;14;99;45
229;2023-11-24;12;2;65
389;2023-11-24;13;39;185
48;2023-11-24;14;98;27
48;2023-11-24;999;111;60
48;2023-11-24;999;28;120
73;2023-11-24;8;33;55
2;2023-11-24;8;31;65
2;2023-11-24;8;14;50
2;2023-11-24;14;99;45
999;2023-11-24;12;2;65
30;2023-11-24;14;99;45
30;2023-11-24;999;111;60
167;2023-11-24;12;2;65
169;2023-11-24;12;2;65
193;2023-11-24;12;4;40
48;2023-11-24;8;31;65
172;2023-11-25;12;1;30
260;2023-11-25;12;2;65
327;2023-11-25;13;33;55
327;2023-11-25;13;14;40
327;2023-11-25;999;99;45
83;2023-11-25;14;101;27
83;2023-11-25;999;34;45
170;2023-11-25;12;2;65
21;2023-11-25;14;100;5
21;2023-11-25;14;99;45
3;2023-11-25;13;39;195
3;2023-11-25;999;28;120
3;2023-11-25;999;99;45
3;2023-11-25;999;112;60
219;2023-11-25;12;2;65
274;2023-11-25;12;2;65
60;2023-11-25;14;99;45
385;2023-11-25;13;23;165
385;2023-11-25;999;98;27
385;2023-11-25;13;48;130
60;2023-11-25;14;100;7
230;2023-11-25;12;3;40
11;2023-11-25;999;95;15
11;2023-11-25;13;16;90
11;2023-11-25;13;14;35
11;2023-11-25;13;31;65
206;2023-11-25;12;4;40
98;2023-11-25;8;39;215
98;2023-11-25;999;99;45
999;2023-11-25;13;33;55
999;2023-11-25;13;14;40
999;2023-11-25;14;99;45
301;2023-11-25;12;3;40
253;2023-11-25;12;3;40
304;2023-11-25;12;4;40
33;2023-11-25;13;24;210
33;2023-11-25;13;42;120
33;2023-11-25;999;28;150
307;2023-11-25;12;3;40
254;2023-11-25;12;2;65
198;2023-11-25;12;2;65
210;2023-11-27;12;1;30
384;2023-11-27;12;4;40
365;2023-11-27;12;4;40
298;2023-11-27;12;4;40
222;2023-11-27;12;1;30
310;2023-11-28;12;4;40
118;2023-11-28;14;99;45
118;2023-11-28;999;71;400
118;2023-11-28;14;97;10
134;2023-11-28;14;99;45
11;2023-11-28;13;34;45
191;2023-11-28;12;4;40
25;2023-11-29;14;98;27
11;2023-11-29;999;98;27
37;2023-11-29;14;99;45
37;2023-11-29;8;23;165
74;2023-11-29;13;48;94
74;2023-11-29;999;99;45
36;2023-11-29;14;99;45
202;2023-11-29;12;5;40
140;2023-11-29;14;100;7
140;2023-11-29;14;99;45
321;2023-11-29;12;4;40
83;2023-11-29;13;34;45
122;2023-11-29;13;46;165
122;2023-11-29;999;98;27
43;2023-11-30;8;31;65
43;2023-11-30;999;28;120
43;2023-11-30;999;112;60
49;2023-11-30;14;95;15
207;2023-11-30;12;4;40
26;2023-11-30;13;33;55
26;2023-11-30;13;14;35
26;2023-11-30;14;99;45
225;2023-11-30;12;4;40
15;2023-11-30;13;23;165
15;2023-11-30;13;42;155
15;2023-11-30;999;98;22,5
15;2023-11-30;14;101;22,5
999;2023-11-30;12;4;40
72;2023-11-30;14;99;45
999;2023-11-30;999;99;45
999;2023-11-30;999;100;14
91;2023-11-30;14;99;45
61;2023-11-30;999;99;45
61;2023-11-30;8;16;90
267;2023-11-30;12;2;65
200;2023-11-30;12;4;40
203;2023-11-30;12;2;65
186;2023-11-30;12;2;65
195;2023-12-01;12;2;65
25;2023-12-01;8;23;175
25;2023-12-01;8;70;165
25;2023-12-01;14;98;27
189;2023-12-01;12;2;65
208;2023-12-01;12;2;65
256;2023-12-01;999;98;27
277;2023-12-01;12;3;40
278;2023-12-01;12;3;40
382;2023-12-01;999;33;55
65;2023-12-01;14;100;5
209;2023-12-01;12;1;30
28;2023-12-01;999;98;27
28;2023-12-01;13;33;55
28;2023-12-01;13;14;40
291;2023-12-01;12;4;40
62;2023-12-01;999;98;27
84;2023-12-01;13;51;25
84;2023-12-01;999;28;95
308;2023-12-01;12;2;65
390;2023-12-01;12;4;40
300;2023-12-02;12;2;65
73;2023-12-02;14;99;45
73;2023-12-02;8;33;55
73;2023-12-02;999;111;60
21;2023-12-02;14;98;27
83;2023-12-02;13;34;45
83;2023-12-02;13;14;40
337;2023-12-02;999;28;120
21;2023-12-02;14;98;27
2;2023-12-02;999;99;45
2;2023-12-02;8;31;65
168;2023-12-02;12;4;40
176;2023-12-02;14;101;22,5
176;2023-12-02;14;98;22,5
999;2023-12-02;999;99;45
999;2023-12-02;14;98;27
6;2023-12-02;999;28;120
45;2023-12-02;14;99;45
328;2023-12-04;12;4;40
999;2023-12-04;12;2;65
999;2023-12-04;12;2;65
341;2023-12-05;999;23;165
19;2023-12-05;14;99;45
999;2023-12-05;8;23;260
999;2023-12-05;8;31;65
999;2023-12-05;999;99;45
11;2023-12-05;13;34;45
164;2023-12-05;12;2;65
64;2023-12-05;14;99;45
33;2023-12-05;999;106;60
33;2023-12-05;999;98;27
345;2023-12-05;12;4;40
91;2023-12-05;14;99;45
91;2023-12-05;14;98;27
23;2023-12-05;14;99;45
999;2023-12-06;14;99;45
234;2023-12-06;12;4;40
261;2023-12-06;12;2;65
999;2023-12-06;999;91;120
41;2023-12-06;14;99;45
194;2023-12-06;12;2;65
366;2023-12-06;14;98;27
58;2023-12-06;999;28;120
58;2023-12-06;13;52;55
999;2023-12-06;14;99;45
26;2023-12-06;13;42;165
26;2023-12-06;14;99;45
26;2023-12-06;14;97;10
999;2023-12-06;12;4;40
200;2023-12-06;12;4;40
185;2023-12-06;12;4;40
43;2023-12-07;14;95;15
43;2023-12-07;999;112;60
28;2023-12-07;14;98;27
28;2023-12-07;13;78;180
369;2023-12-07;8;66;230
369;2023-12-07;999;99;45
163;2023-12-07;12;4;40
999;2023-12-07;999;28;120
999;2023-12-07;14;101;22,5
999;2023-12-07;999;98;22,5
999;2023-12-07;12;4;40
257;2023-12-07;12;1;30
25;2023-12-07;14;99;45
25;2023-12-07;13;14;40
25;2023-12-07;13;33;55
299;2023-12-07;12;3;40
222;2023-12-07;12;2;65
999;2023-12-07;12;2;65
172;2023-12-08;12;1;30
999;2023-12-08;12;1;30
282;2023-12-08;12;4;40
7;2023-12-08;999;99;45
385;2023-12-08;14;98;27
999;2023-12-08;14;99;45
170;2023-12-08;12;1;30
368;2023-12-08;8;45;240
368;2023-12-08;999;99;45
11;2023-12-08;13;34;45
11;2023-12-08;13;14;35
999;2023-12-08;14;101;22,5
999;2023-12-08;999;98;22,5
339;2023-12-08;12;3;40
224;2023-12-08;14;99;45
384;2023-12-08;12;4;40
999;2023-12-08;13;32;55
999;2023-12-08;8;32;20
54;2023-12-08;14;99;45
182;2023-12-08;12;4;40
999;2023-12-08;12;4;40
206;2023-12-08;12;4;40
999;2023-12-09;12;4;40
999;2023-12-09;12;2;65
7;2023-12-09;8;78;190
7;2023-12-09;999;28;120
7;2023-12-09;999;99;45
294;2023-12-09;13;16;90
294;2023-12-09;999;28;120
294;2023-12-09;999;99;45
95;2023-12-09;14;99;45
95;2023-12-09;999;28;120
999;2023-12-09;12;4;40
83;2023-12-09;8;34;45
999;2023-12-09;13;23;230
999;2023-12-09;13;42;130
999;2023-12-09;999;101;27
60;2023-12-09;14;99;45
60;2023-12-09;14;100;7
239;2023-12-09;8;23;280
239;2023-12-09;8;42;165
239;2023-12-09;999;99;45
239;2023-12-09;999;112;60
239;2023-12-09;999;28;120
306;2023-12-09;12;4;40
75;2023-12-09;999;101;22,5
75;2023-12-09;14;98;22,5
999;2023-12-09;12;3;40
999;2023-12-09;12;4;40
378;2023-12-09;12;4;40
379;2023-12-09;12;4;40
999;2023-12-09;12;4;40
999;2023-12-09;12;3;40
53;2023-12-13;13;33;55
53;2023-12-13;999;95;15
2;2023-12-13;14;99;45
121;2023-12-14;8;33;55
999;2023-12-14;8;31;65
25;2023-12-14;14;98;27
25;2023-12-14;13;33;55
151;2023-12-14;13;31;65
